Quasar,ra,dec,redshift,redshift_reference,m1450,Mabs1450,redshift_mgii,redshift_mgii_err,redshift_mgii_ref,fwhm_mgii,fwhm_mgii_err_up,fwhm_mgii_err_low,L3000,L3000err_up,L3000err_low,BHmass,BHmass_reference
J000009.99-041626.09,0.041636,-4.273915,5.77,Banados2022,20.79,-25.84,nan,nan,--,nan,nan,nan,nan,nan,nan,nan,--
J000019.33-181409.64,0.08054,-18.236011,5.95,Banados2022,21.52,-25.16,nan,nan,--,nan,nan,nan,nan,nan,nan,nan,--
J000121.63+265009.18,0.34012,26.835883,5.75,Banados2016,19.52,-27.11,nan,nan,--,nan,nan,nan,nan,nan,nan,nan,--
J000133.30+000605.40,0.38875,0.1015,6.13,Matsuoka2019a,23.01,-23.72,nan,nan,--,nan,nan,nan,nan,nan,nan,nan,--
J000142.54+000057.50,0.42725,0.015972,6.69,Matsuoka2019a,22.38,-24.49,nan,nan,--,nan,nan,nan,nan,nan,nan,nan,--
J000239.39+255034.80,0.664125,25.842999,5.817,Shen2019,19.39,-27.25,nan,nan,--,nan,nan,nan,nan,nan,nan,nan,--
J000445.81-004944.30,1.190875,-0.828972,6.1,Matsuoka2019a,22.82,-23.9,nan,nan,--,nan,nan,nan,nan,nan,nan,nan,--
J000552.34-000655.80,1.468083,-0.1155,5.85,Fan2004,20.98,-25.67,nan,nan,--,nan,nan,nan,nan,nan,nan,nan,--
J000645.36-284042.05,1.688995,-28.678347,5.95,Banados2022,21.07,-25.61,nan,nan,--,nan,nan,nan,nan,nan,nan,nan,--
J000825.77-062604.42,2.10739,-6.43456,5.93,Banados2016,20.41,-26.26,nan,nan,--,2234.8,289.7,289.7,2.073157,0.008581,0.008581,5.21,Shen2019
J000930.89+325212.93,2.378699,32.870258,6.1,Banados2016,21.13,-25.59,nan,nan,--,nan,nan,nan,nan,nan,nan,nan,--
J001010.30+030347.57,2.542922,3.063213,5.64,Banados2022,20.92,-25.67,nan,nan,--,nan,nan,nan,nan,nan,nan,nan,--
J001150.05-244400.17,2.958535,-24.733381,5.41,Wenzl2021,19.08,-27.45,nan,nan,--,nan,nan,nan,nan,nan,nan,nan,--
J001232.88+363216.10,3.137004,36.537806,5.44,Yang2019a,19.29,-27.25,nan,nan,--,nan,nan,nan,nan,nan,nan,nan,--
J001247.71+033716.90,3.198792,3.621361,6.12,Matsuoka2022,21.59,-25.14,nan,nan,--,nan,nan,nan,nan,nan,nan,nan,--
J001650.69+034154.10,4.211208,3.698361,6.26,Matsuoka2022,23.12,-23.64,nan,nan,--,nan,nan,nan,nan,nan,nan,nan,--
J001734.47+170510.70,4.393613,17.086304,5.8166,Eilers2020,20.69,-25.95,nan,nan,--,nan,nan,nan,nan,nan,nan,nan,--
J001915.38-241756.98,4.81408,-24.29916,5.68,Banados2016,19.43,-27.18,nan,nan,--,nan,nan,nan,nan,nan,nan,nan,--
J002031.47-365341.82,5.13113,-36.89495,6.834,Reed2019,19.98,-26.92,6.834,0.0004,Reed2019,3800,360,360,2.62,0.05,0.05,16.93,Reed2019
J002334.65+034223.20,5.894375,3.706444,6.12,Matsuoka2022,22.73,-24,nan,nan,--,nan,nan,nan,nan,nan,nan,nan,--
J002429.77+391318.97,6.12405,39.221936,6.621,Mazzucchelli2017,20,-26.85,6.62,0.004,Yang2021,1741,118,118,1.514563,0.194175,0.194175,2.7,Yang2021
J002806.56+045725.68,7.027332,4.957134,6.0015,Venemans2020,20.11,-26.58,5.995,0.005,Farina2022,3203,1925,591,3.91,0.130097,0.157282,14.7,Farina2022
J003125.86+071036.92,7.85775,7.176922,5.33,Wang2016,20.21,-26.29,nan,nan,--,nan,nan,nan,nan,nan,nan,nan,--
J003311.40-012524.90,8.2975,-1.423583,6.019,Shen2019,21.64,-25.06,5.9776,0.01,Shen2019,2001.4,1767.6,1767.6,0.614334,0.00704,0.00704,2.27,Shen2019
J003414.35+375954.00,8.559792,37.998333,5.63,Yang2019a,20.15,-26.44,nan,nan,--,nan,nan,nan,nan,nan,nan,nan,--
J003426.00+105106.69,8.608337,10.851858,5.98,Banados2022,20.62,-26.07,nan,nan,--,nan,nan,nan,nan,nan,nan,nan,--
J003725.76-080708.46,9.357329,-8.119017,5.72,Banados2016,20.16,-26.46,nan,nan,--,nan,nan,nan,nan,nan,nan,nan,--
J003836.10-152723.60,9.650417,-15.456556,7.034,Yang2021,19.93,-27.01,6.999,0.001,Yang2021,2954,17,17,4.601942,0.174757,0.174757,13.56,Yang2021
J003856.52-102553.90,9.735508,-10.431639,6.004,Venemans2020,20.2,-26.49,nan,nan,--,nan,nan,nan,nan,nan,nan,nan,--
J004533.57+090156.96,11.389865,9.03249,6.4695,Eilers2020erratum,20.85,-25.96,6.441,0.004,Yang2021,2816,110,110,1.203883,0.116505,0.116505,6.3,Yang2021
J004623.65-283747.34,11.598521,-28.629817,5.991,Farina2022,21.34,-25.35,5.991,0.0016,Farina2022,1974,134,133,1.55,0.066019,0.066019,3.51,Farina2022
J005006.67+344521.65,12.527771,34.756013,6.246,Shen2019,20.11,-26.65,6.2509,0.0055,Shen2019,5397.3,367.8,367.8,3.507159,0.016666,0.016666,39.52,Shen2019
J005243.44+455632.03,13.181021,45.942231,5.31,Yang2019a,19.45,-27.05,nan,nan,--,nan,nan,nan,nan,nan,nan,nan,--
J005502.92+014617.80,13.762167,1.771611,6.006,Willott2015,21.94,-24.76,nan,nan,--,nan,nan,nan,nan,nan,nan,nan,--
J005656.04+224112.16,14.23352,22.686711,5.49,Yang2019a,19.78,-26.77,nan,nan,--,nan,nan,nan,nan,nan,nan,nan,--
J010013.03+280225.84,15.05428,28.04051,6.3268,Venemans2020,17.69,-29.09,6.2981,0.0006,Farina2022,4962,65,62,29.78,0.031068,0.029126,97.34,Farina2022
J010044.78+042211.50,15.186583,4.369861,5.96,Matsuoka2022,22.95,-23.73,nan,nan,--,nan,nan,nan,nan,nan,nan,nan,--
J010250.64-021809.90,15.710999,-2.30275,5.95,Willott2009,22.14,-24.54,nan,nan,--,nan,nan,nan,nan,nan,nan,nan,--
J010603.68-003015.20,16.515333,-0.504222,6.06,Matsuoka2019a,23.18,-23.53,nan,nan,--,nan,nan,nan,nan,nan,nan,nan,--
J010718.87+002724.20,16.828625,0.456722,6.03,Matsuoka2022,22.7,-24,nan,nan,--,nan,nan,nan,nan,nan,nan,nan,--
J010806.60+071120.67,17.0275,7.189076,5.53,Yang2017,19.2,-27.36,nan,nan,--,nan,nan,nan,nan,nan,nan,nan,--
J010816.60-115931.01,17.069174,-11.991946,5.8,Banados2022,20.7,-25.94,nan,nan,--,nan,nan,nan,nan,nan,nan,nan,--
J010953.13-304726.31,17.471379,-30.790642,6.7904,Venemans2020,21.3,-25.59,6.76,0.01,Farina2022,3530,590,620,1.49,0.038835,0.038835,11.02,Farina2022
J011224.59-011557.30,18.102458,-1.265917,6.14,Matsuoka2022,22.84,-23.89,nan,nan,--,nan,nan,nan,nan,nan,nan,nan,--
J011257.84+011042.40,18.241,1.178444,6.82,Matsuoka2019a,22.83,-24.07,nan,nan,--,nan,nan,nan,nan,nan,nan,nan,--
J011614.31+053817.59,19.059605,5.638219,5.33,Wang2016,18.84,-27.66,nan,nan,--,nan,nan,nan,nan,nan,nan,nan,--
J012053.93+214706.21,20.224694,21.785058,5.42,Yang2019a,20.04,-26.49,nan,nan,--,nan,nan,nan,nan,nan,nan,nan,--
J012235.47-003602.40,20.647792,-0.600667,6.26,Matsuoka2022,21.68,-25.08,nan,nan,--,nan,nan,nan,nan,nan,nan,nan,--
J012541.12-255256.24,21.421338,-25.882288,5.79,Banados2016,19.61,-27.03,nan,nan,--,nan,nan,nan,nan,nan,nan,nan,--
J012958.51-003539.70,22.493791,-0.594361,5.7788,Venemans2020,22.8,-23.83,nan,nan,--,nan,nan,nan,nan,nan,nan,nan,--
J013201.70-021603.11,23.0071,-2.26753,5.9,Banados2016,20.27,-26.4,nan,nan,--,nan,nan,nan,nan,nan,nan,nan,--
J013326.84+010637.82,23.361835,1.110505,5.3,Chiu2005,20.43,-26.06,nan,nan,--,nan,nan,nan,nan,nan,nan,nan,--
J013603.17+022605.70,24.013208,2.434917,6.206,Shen2019,22.15,-24.6,6.2065,0.0088,Shen2019,2596.2,1433.3,1433.3,0.416892,0.011129,0.011129,3.15,Shen2019
J014057.03-114059.48,25.23764,-11.68319,5.85,Banados2016,19.84,-26.81,nan,nan,--,nan,nan,nan,nan,nan,nan,nan,--
J014243.73-332745.47,25.682197,-33.46263,6.3373,Venemans2020,19.02,-27.76,6.294,nan,Chehade2018,4109,nan,nan,4.48,nan,nan,25.89,Chehade2018
J014310.24-554510.69,25.79265,-55.75297,6.25,Reed2017,21.11,-25.65,nan,nan,--,nan,nan,nan,nan,nan,nan,nan,--
J014837.63+060020.08,27.156808,6.005579,5.98,Becker2015,19.35,-27.34,nan,nan,--,nan,nan,nan,nan,nan,nan,nan,--
J015533.28+041506.74,28.888667,4.251872,5.37,Wang2016,19.48,-27.03,nan,nan,--,nan,nan,nan,nan,nan,nan,nan,--
J015745.45+300110.68,29.439375,30.019633,5.63,Yang2019a,19.1,-27.49,nan,nan,--,nan,nan,nan,nan,nan,nan,nan,--
J015804.14-290519.25,29.51726,-29.08868,5.984,Banados2016,19.42,-27.27,nan,nan,--,nan,nan,nan,nan,nan,nan,nan,--
J015957.97-363356.60,29.991548,-36.565723,6.027,Chehade2018,19.75,-26.95,6.027,nan,Chehade2018,6510,nan,nan,4.4,nan,nan,64.4,Chehade2018
J020033.30-173725.97,30.138733,-17.623879,6.09,Banados2022,21.1,-25.62,nan,nan,--,nan,nan,nan,nan,nan,nan,nan,--
J020258.21-025153.60,30.742542,-2.864889,6.03,Matsuoka2018a,23.31,-23.39,nan,nan,--,nan,nan,nan,nan,nan,nan,nan,--
J020332.38+001229.06,30.88493,0.208073,5.72,Mortlock2009,20.42,-26.2,nan,nan,--,nan,nan,nan,nan,nan,nan,nan,--
J020415.74+001534.50,31.065583,0.259583,6.05,Matsuoka2022,22.55,-24.16,nan,nan,--,nan,nan,nan,nan,nan,nan,nan,--
J020546.63-095523.70,31.444292,-9.92325,5.37,McGreer2018,23.29,-23.22,nan,nan,--,nan,nan,nan,nan,nan,nan,nan,--
J020611.20-025537.80,31.546667,-2.927167,6.03,Matsuoka2018a,21.79,-24.91,nan,nan,--,nan,nan,nan,nan,nan,nan,nan,--
J021013.19-045620.90,32.554958,-4.939139,6.4323,Willott2013,22.33,-24.47,6.438,0.04,Willott2010,1300,350,350,0.42,0.05,0.05,0.79,Willott2010
J021140.52-170428.77,32.91883,-17.074659,5.99,Banados2022,20.89,-25.8,nan,nan,--,nan,nan,nan,nan,nan,nan,nan,--
J021144.53-020303.90,32.935542,-2.051083,6.37,Matsuoka2018b,23.43,-23.36,nan,nan,--,nan,nan,nan,nan,nan,nan,nan,--
J021316.94-062615.25,33.320583,-6.437569,6.72,Matsuoka2018b,21.63,-25.24,nan,nan,--,nan,nan,nan,nan,nan,nan,nan,--
J021430.90+023240.40,33.62875,2.544556,6.85,Matsuoka2022,21.55,-25.35,nan,nan,--,nan,nan,nan,nan,nan,nan,nan,--
J021627.81-045534.10,34.115875,-4.926139,6.01,Willott2009,24.27,-22.43,nan,nan,--,nan,nan,nan,nan,nan,nan,nan,--
J021638.85-522620.59,34.161885,-52.439053,6.41,Yang2019b,21.7,-25.1,nan,nan,--,nan,nan,nan,nan,nan,nan,nan,--
J021721.59-020852.60,34.339958,-2.147944,6.2037,Harikane2020,23.56,-23.19,nan,nan,--,nan,nan,nan,nan,nan,nan,nan,--
J021847.04+000715.17,34.695996,0.120882,6.77,Yang2021,21.34,-25.54,6.766,0.004,Yang2021,2745,73,73,1.242718,0.271845,0.271845,6.09,Yang2021
J022029.72-043204.00,35.123833,-4.534444,5.9,Matsuoka2018b,24.5,-22.17,nan,nan,--,nan,nan,nan,nan,nan,nan,nan,--
J022122.71-080251.50,35.344625,-8.047639,6.161,Shen2019,22.09,-24.65,6.1609,0.0538,Shen2019,4251.3,10381.1,10381.1,0.893567,0.0337,0.0337,12.38,Shen2019
J022223.74+024535.00,35.598917,2.759722,6.14,Matsuoka2022,21.82,-24.91,nan,nan,--,nan,nan,nan,nan,nan,nan,nan,--
J022426.54-471129.36,36.11057,-47.19149,6.526,Reed2019,19.89,-26.94,6.526,0.0003,Reed2019,3500,310,310,6.08,0.09,0.09,21.88,Reed2019
J022456.75-343523.00,36.236471,-34.589722,5.78,Banados2022,21.77,-24.86,nan,nan,--,nan,nan,nan,nan,nan,nan,nan,--
J022601.88+030259.40,36.507814,3.049832,6.5405,Venemans2020,19.55,-27.28,6.517,0.003,Farina2022,4840,364,341,4.85,0.027184,0.029126,37.37,Farina2022
J022743.29-060530.20,36.930375,-6.091722,6.212,Shen2019,21.52,-25.23,6.2119,0.0069,Shen2019,1612.3,653.6,653.6,0.426854,0.011058,0.011058,1.23,Shen2019
J023002.27+004646.80,37.509458,0.779667,5.41,Matute2013,22.44,-24.09,nan,nan,--,nan,nan,nan,nan,nan,nan,nan,--
J023137.65-072854.45,37.906872,-7.481792,5.423,Lyke2020,19.17,-27.36,nan,nan,--,nan,nan,nan,nan,nan,nan,nan,--
J023152.96-285020.08,37.970657,-28.838911,6,Banados2016,20.52,-26.17,nan,nan,--,nan,nan,nan,nan,nan,nan,nan,--
J023245.94-183424.61,38.191402,-18.573503,5.68,Banados2022,20.57,-26.04,nan,nan,--,nan,nan,nan,nan,nan,nan,nan,--
J023542.42-053241.60,38.92675,-5.544889,6.0901,Harikane2020,23.71,-23.01,nan,nan,--,nan,nan,nan,nan,nan,nan,nan,--
J023551.42+013932.30,38.96425,1.658972,6.02,Matsuoka2022,21.12,-25.58,nan,nan,--,nan,nan,nan,nan,nan,nan,nan,--
J023858.09-031845.40,39.742042,-3.312611,5.83,Matsuoka2019a,22.71,-23.94,nan,nan,--,nan,nan,nan,nan,nan,nan,nan,--
J023930.24-004505.40,39.876,-0.7515,5.82,Jiang2009,22.16,-24.48,nan,nan,--,nan,nan,nan,nan,nan,nan,nan,--
J024003.82+173244.93,40.015917,17.545815,5.68,Banados2016,20.85,-25.76,nan,nan,--,nan,nan,nan,nan,nan,nan,nan,--
J024401.02-500853.74,41.00424,-50.14826,6.724,Reed2019,20.15,-26.72,6.724,0.0008,Reed2019,3100,530,530,2.79,0.05,0.05,11.63,Reed2019
J024655.90-521949.90,41.732917,-52.330528,6.8876,Yang2021,21.45,-25.46,6.86,0.02,Yang2021,3211,523,523,1.980582,0.194175,0.194175,10.51,Yang2021
J025040.58-025502.82,42.66909,-2.91745,5.89,Banados2016,20.13,-26.53,nan,nan,--,nan,nan,nan,nan,nan,nan,nan,--
J025216.64-050331.80,43.069333,-5.058833,7.0006,Yang2021,21.17,-25.77,6.99,0.02,Yang2021,3327,126,126,2.563107,0.07767,0.07767,12.84,Yang2021
J025226.68-023720.72,43.111174,-2.622423,6.16,Banados2022,20.98,-25.76,nan,nan,--,nan,nan,nan,nan,nan,nan,nan,--
J030044.18-223227.19,45.184082,-22.540885,5.68,Banados2016,20.41,-26.2,nan,nan,--,nan,nan,nan,nan,nan,nan,nan,--
J030117.01+002025.96,45.320875,0.340544,5.5,Stern2000,24.1,-22.45,nan,nan,--,nan,nan,nan,nan,nan,nan,nan,--
J030331.40-001912.90,45.880833,-0.32025,6.079,DeRosa2011,21.21,-25.5,6.079,0.001,DeRosa2011,2307,63,63,0.145,0.0017,0.0017,1.47,DeRosa2011
J030516.92-315055.90,46.320483,-31.848861,6.6139,Venemans2019,20.72,-26.13,6.602,0.002,Farina2022,2347,239,280,1.83,0.019417,0.023301,5.4,Farina2022
J030642.51+185315.82,46.677135,18.887726,5.36,Wang2016,17.59,-28.92,nan,nan,--,nan,nan,nan,nan,nan,nan,nan,--
J030947.49+271757.38,47.447875,27.299273,6.1,Khusanova2022,20.96,-25.76,nan,nan,--,nan,nan,nan,nan,nan,nan,nan,--
J031343.84-180636.40,48.432662,-18.110111,7.6423,Wang2021a,20.94,-26.13,7.611,0.004,Yang2021,3670,405,405,2.718447,0.135922,0.135922,16.09,Yang2021
J031649.87-134032.30,49.207791,-13.675638,5.99,Willott2010a,21.84,-24.85,nan,nan,--,nan,nan,nan,nan,nan,nan,nan,--
J031710.42-263315.71,49.293428,-26.554364,5.94,Banados2016,20.91,-25.77,nan,nan,--,nan,nan,nan,nan,nan,nan,nan,--
J031941.66-100846.00,49.923583,-10.146111,6.8275,Yang2021,21.19,-25.71,6.816,0.004,Yang2021,2006,20,20,1.864078,0.271845,0.271845,3.98,Yang2021
J032214.55-184117.47,50.560605,-18.688185,6.09,Banados2022,20.45,-26.27,nan,nan,--,nan,nan,nan,nan,nan,nan,nan,--
J032340.34-470120.14,50.91808,-47.02226,6.241,Eilers2020,20.74,-26.02,6.241,0.002,Eilers2020,1862,654,654,1.253701,nan,nan,2.81,Eilers2020
J032835.51-325322.84,52.147942,-32.889678,5.86,Venemans2015b,20.05,-26.61,nan,nan,--,nan,nan,nan,nan,nan,nan,nan,--
J033027.92-402516.36,52.61632,-40.42121,6.239,Eilers2020,20.34,-26.42,6.239,0.004,Eilers2020,7197,360,360,1.730587,nan,nan,49.36,Eilers2020
J033550.53-154744.50,53.960524,-15.795694,5.87,Banados2016,20.47,-26.19,nan,nan,--,nan,nan,nan,nan,nan,nan,nan,--
J034141.86-004812.74,55.424404,-0.80354,5.68,Banados2015,20.29,-26.32,nan,nan,--,nan,nan,nan,nan,nan,nan,nan,--
J034652.04-162836.88,56.71685,-16.47691,5.9676,Eilers2020,20.03,-26.65,5.975,0.001,Farina2022,3049,121,118,2.06,0.021359,0.021359,9.67,Farina2022
J035349.72+010404.40,58.457166,1.067889,6.057,Shen2019,20.34,-26.37,6.0574,0.0052,Shen2019,3229.8,300.8,300.8,2.481896,0.010536,0.010536,11.91,Shen2019
J040212.70+245124.43,60.552902,24.856785,6.17,Shen2019,19.85,-26.89,6.1697,0.0056,Shen2019,3250.2,328.7,328.7,2.734853,0.0123,0.0123,12.66,Shen2019
J040819.23-563228.82,62.08012,-56.54134,6.03,Reed2017,20.19,-26.51,nan,nan,--,nan,nan,nan,nan,nan,nan,nan,--
J041003.23-441440.70,62.51345,-44.24464,6.21,Reed2017,20.61,-26.14,nan,nan,--,nan,nan,nan,nan,nan,nan,nan,--
J041128.63-090749.70,62.869283,-9.130473,6.826,Yang2021,20.28,-26.62,6.827,0.006,Yang2021,2729,96,96,3.087379,0.194175,0.194175,9.48,Yang2021
J042011.34-445323.75,65.04727,-44.88993,6.07,Reed2017,20.46,-26.25,nan,nan,--,nan,nan,nan,nan,nan,nan,nan,--
J042138.05-265715.61,65.408537,-26.954335,6.1871,Venemans2020,19.53,-27.21,6.144,0.003,Farina2022,5558,352,303,4.21,0.08932,0.087379,45.92,Farina2022
J042201.00-192728.69,65.504147,-19.457969,6.1247,Decarli2018,20.16,-26.57,6.112,0.001,Farina2022,3861,109,103,3.72,0.073786,0.075728,20.83,Farina2022
J042350.15+014324.79,65.958954,1.723553,5.79,Banados2022,20.08,-26.56,nan,nan,--,nan,nan,nan,nan,nan,nan,nan,--
J043947.09+163415.77,69.946188,16.571047,6.5188,Yang2019c,17.47,-29.35,6.519,0.003,Yang2021,3030,65,65,0.893204,0.019417,0.019417,6.29,Yang2021
J044407.73-043333.07,71.032214,-4.559187,5.89,Banados2016,20.12,-26.54,nan,nan,--,nan,nan,nan,nan,nan,nan,nan,--
J044548.18-021959.84,71.45075,-2.33329,5.69,Banados2016,19.13,-27.48,nan,nan,--,nan,nan,nan,nan,nan,nan,nan,--
J045019.81-075330.61,72.582533,-7.891836,5.75,Banados2022,20.97,-25.66,nan,nan,--,nan,nan,nan,nan,nan,nan,nan,--
J045401.79-444831.10,73.50744,-44.80864,6.0581,Decarli2018,20.36,-26.35,nan,nan,--,nan,nan,nan,nan,nan,nan,nan,--
J050344.56-073022.07,75.93566,-7.50613,5.88,Banados2016,20.1,-26.56,nan,nan,--,nan,nan,nan,nan,nan,nan,nan,--
J050456.27-105316.11,76.234459,-10.887802,5.93,Banados2022,20.55,-26.12,nan,nan,--,nan,nan,nan,nan,nan,nan,nan,--
J052559.67-240622.98,81.498646,-24.106383,6.5397,Yang2021,21.4,-25.43,6.543,0.002,Yang2021,1877,345,345,1.320388,0.679612,0.679612,2.93,Yang2021
J053520.90+115053.64,83.837066,11.848235,6.3401,Andika2020,20.11,-26.67,6.346,0.001,Andika2020,4140,880,430,2.58,0.019,0.06,19.94,Andika2020
J055945.47-153500.20,89.939445,-15.583389,6.05,Banados2016,19.83,-26.88,nan,nan,--,nan,nan,nan,nan,nan,nan,nan,--
J061624.38-133806.40,94.101574,-13.63511,5.58,Yang2019a,19.52,-27.06,nan,nan,--,nan,nan,nan,nan,nan,nan,nan,--
J070626.39+292105.50,106.609958,29.351528,6.6037,Yang2021,19.33,-27.52,6.5925,0.0004,Yang2021,3372,106,106,6.582525,0.291262,0.291262,21.13,Yang2021
J071346.31+085532.65,108.442942,8.925737,5.92,Banados2016,19.14,-27.53,nan,nan,--,nan,nan,nan,nan,nan,nan,nan,--
J075622.37+021820.17,119.093203,2.305602,5.73,Banados2022,20.42,-26.2,nan,nan,--,nan,nan,nan,nan,nan,nan,nan,--
J075745.90-000201.09,119.441232,-0.033637,5.54,Yang2019a,19.93,-26.64,nan,nan,--,nan,nan,nan,nan,nan,nan,nan,--
J080305.43+313834.19,120.772623,31.642831,6.384,Wang2019b,20.28,-26.51,6.384,0.004,Yang2021,3460,173,173,2.601942,0.213592,0.213592,13.99,Yang2021
J081054.32+510540.05,122.726317,51.094458,5.82,Banados2016,19.88,-26.76,nan,nan,--,nan,nan,nan,nan,nan,nan,nan,--
J081600.78+125956.20,124.003267,12.998944,5.8,Banados2022,21.05,-25.59,nan,nan,--,nan,nan,nan,nan,nan,nan,nan,--
J081827.40+172251.80,124.61416,17.381055,6.02,Carilli2010,19.24,-27.46,nan,nan,--,nan,nan,nan,nan,nan,nan,nan,--
J082450.76-674241.33,126.211492,-67.71148,5.41,Onken2022,18.68,-27.85,nan,nan,--,nan,nan,nan,nan,nan,nan,nan,--
J082813.42+263355.57,127.0559,26.565437,6.14,Banados2022,20.52,-26.21,nan,nan,--,nan,nan,nan,nan,nan,nan,nan,--
J082907.62+030356.56,127.28174,3.06571,5.85,Banados2016,20.68,-25.97,nan,nan,--,nan,nan,nan,nan,nan,nan,nan,--
J082931.97+411740.40,127.383208,41.294556,6.773,Wang2019b,20.52,-26.36,6.773,0.007,Yang2021,2488,107,107,2.485437,0.23301,0.23301,7.07,Yang2021
J082933.10+250645.60,127.387917,25.112667,5.35,Yang2017,19.6,-26.91,nan,nan,--,nan,nan,nan,nan,nan,nan,nan,--
J083400.88+021146.90,128.503667,2.196361,6.15,Matsuoka2018b,22.68,-24.05,nan,nan,--,nan,nan,nan,nan,nan,nan,nan,--
J083525.76+321752.62,128.857325,32.29795,5.89,Jiang2016,20.9,-25.76,nan,nan,--,nan,nan,nan,nan,nan,nan,nan,--
J083643.85+005453.30,129.1827,0.914806,5.81,Kurk2007,18.95,-27.69,nan,nan,--,nan,nan,nan,nan,nan,nan,nan,--
J083737.83+492900.60,129.407625,49.4835,6.702,Yang2021,20.24,-26.63,6.702,0.001,Yang2021,2577,36,36,2.815534,0.07767,0.07767,8.07,Yang2021
J083946.88+390011.44,129.945333,39.003178,6.905,Wang2019b,20.63,-26.29,6.9046,0.0003,Yang2021,2233,21,21,3.456311,0.135922,0.135922,6.72,Yang2021
J083955.36+001554.21,129.98065,0.265058,5.84,Venemans2015b,21.34,-25.31,nan,nan,--,nan,nan,nan,nan,nan,nan,nan,--
J084035.09+562419.90,130.1462,56.405527,5.8441,Wang2010,19.46,-27.19,nan,nan,--,nan,nan,nan,nan,nan,nan,nan,--
J084119.52+290504.42,130.33133,29.08456,5.954,Shen2019,20.24,-26.44,5.9535,0.0052,Shen2019,3073.9,783.6,783.6,2.10928,0.010608,0.010608,9.94,Shen2019
J084229.43+121850.50,130.622625,12.314028,6.0754,Venmans2020,19.86,-26.85,6.063,0.002,Farina2022,3422,153,135,3.76,0.038835,0.038835,16.45,Farina2022
J084303.76+291113.40,130.765667,29.187056,6.15,Wang2019b,20.94,-25.79,nan,nan,--,nan,nan,nan,nan,nan,nan,nan,--
J084408.61-013216.50,131.035875,-1.537917,6.18,Matsuoka2018b,22.77,-23.97,nan,nan,--,nan,nan,nan,nan,nan,nan,nan,--
J084422.57+042353.70,131.094042,4.39825,6.21,Matsuoka2022,23.2,-23.55,nan,nan,--,nan,nan,nan,nan,nan,nan,nan,--
J084431.60-005254.60,131.131667,-0.881833,6.25,Matsuoka2018a,23.02,-23.74,nan,nan,--,nan,nan,nan,nan,nan,nan,nan,--
J084456.62+022640.50,131.235917,2.444583,6.4,Matsuoka2019a,25.23,-21.57,nan,nan,--,nan,nan,nan,nan,nan,nan,nan,--
J085028.16-050606.90,132.617333,-5.101917,5.357,Kim2019,22.61,-23.9,nan,nan,--,nan,nan,nan,nan,nan,nan,nan,--
J085048.25+324647.90,132.701042,32.779972,5.87,Jiang2015,19.98,-26.68,nan,nan,--,nan,nan,nan,nan,nan,nan,nan,--
J085348.84+013911.00,133.4535,1.653056,6.01,Matsuoka2018a,24.19,-22.51,nan,nan,--,nan,nan,nan,nan,nan,nan,nan,--
J085738.53+005612.70,134.410542,0.936861,6.35,Matsuoka2018a,23.77,-23.01,nan,nan,--,nan,nan,nan,nan,nan,nan,nan,--
J085813.51+000057.10,134.556292,0.015861,5.99,Matsuoka2018b,21.41,-25.28,nan,nan,--,nan,nan,nan,nan,nan,nan,nan,--
J085907.19+002255.90,134.779958,0.382194,6.3903,Izumi2018,22.7,-24.09,6.388,0.002,Onoue2019,1280,240,410,0.103,0.01,0.01,0.38,Onoue2019
J090132.65+161506.84,135.38604,16.251899,5.63,Banados2015,20.74,-25.85,nan,nan,--,nan,nan,nan,nan,nan,nan,nan,--
J090254.87+015510.90,135.728625,1.919694,6.01,Matsuoka2018a,24.19,-22.51,nan,nan,--,nan,nan,nan,nan,nan,nan,nan,--
J090314.68+021128.30,135.811167,2.191194,5.92,Matsuoka2018a,23.47,-23.2,nan,nan,--,nan,nan,nan,nan,nan,nan,nan,--
J090328.91-135001.27,135.870457,-13.833686,5.91,Banados2016,20.86,-25.81,nan,nan,--,nan,nan,nan,nan,nan,nan,nan,--
J090544.65+030058.80,136.436042,3.016333,6.27,Matsuoka2018a,24.21,-22.55,nan,nan,--,nan,nan,nan,nan,nan,nan,nan,--
J090630.80+693031.00,136.628333,69.508611,5.47,Romani2004,19.67,-26.87,nan,nan,--,nan,nan,nan,nan,nan,nan,nan,--
J090921.50+044042.90,137.339583,4.678583,6.15,Matsuoka2018b,21.85,-24.88,nan,nan,--,nan,nan,nan,nan,nan,nan,nan,--
J091013.65+165630.18,137.556879,16.941717,6.7289,Yang2021,21.3,-25.57,6.719,0.005,Yang2021,2358,28,28,1.029126,0.116505,0.116505,4.09,Yang2021
J091041.14+005646.30,137.671417,0.946194,6.65,Matsuoka2022,22.31,-24.55,nan,nan,--,nan,nan,nan,nan,nan,nan,nan,--
J091054.53-041406.80,137.727208,-4.235222,6.6363,Yang2021,20.49,-26.36,6.61,0.003,Yang2021,5396,544,544,2.912621,0.213592,0.213592,36,Yang2021
J091114.27+015219.40,137.809458,1.872056,6.07,Matsuoka2018a,24.62,-22.09,nan,nan,--,nan,nan,nan,nan,nan,nan,nan,--
J091121.61+005146.10,137.840042,0.862806,5.94,Matsuoka2022,23.51,-23.17,nan,nan,--,nan,nan,nan,nan,nan,nan,nan,--
J091207.64+665846.95,138.031823,66.979707,5.62,Gloudemans2022,20.16,-26.43,nan,nan,--,nan,nan,nan,nan,nan,nan,nan,--
J091828.65+194045.00,139.619375,19.679167,5.92,Wang2019b,20.76,-25.91,nan,nan,--,nan,nan,nan,nan,nan,nan,nan,--
J091833.17+013923.30,139.638208,1.656472,6.19,Matsuoka2018b,23.03,-23.71,nan,nan,--,nan,nan,nan,nan,nan,nan,nan,--
J091906.33+051235.30,139.776375,5.209806,6.62,Matsuoka2022,22.87,-23.98,nan,nan,--,nan,nan,nan,nan,nan,nan,nan,--
J092120.56+000722.90,140.335667,0.123028,6.5646,Yang2021,22.05,-24.79,6.5654,0.0002,Yang2021,1813,14,14,1.184466,0.116505,0.116505,2.59,Yang2021
J092347.12+040254.40,140.946333,4.048444,6.633,Yang2021,20.67,-26.18,6.612,0.002,Yang2021,3454,109,109,4.213592,0.582524,0.582524,17.74,Yang2021
J092359.00+075349.11,140.995821,7.896974,6.6817,Yang2021,21.36,-25.5,6.682,0.002,Yang2021,2640,682,682,0.951456,0.38835,0.38835,4.92,Yang2021
J092721.82+200123.70,141.84091,20.023249,5.7722,Carilli2007,19.93,-26.7,nan,nan,--,nan,nan,nan,nan,nan,nan,nan,--
J092935.77-112137.61,142.399025,-11.360447,5.61,Banados2022,20.6,-25.99,nan,nan,--,nan,nan,nan,nan,nan,nan,nan,--
J093000.85+005738.40,142.503542,0.960667,5.92,Matsuoka2019a,21.76,-24.91,nan,nan,--,nan,nan,nan,nan,nan,nan,nan,--
J093523.31-020754.40,143.847125,-2.131778,5.32,Yang2017,20.33,-26.17,nan,nan,--,nan,nan,nan,nan,nan,nan,nan,--
J093543.32-011033.30,143.9305,-1.175917,6.08,Matsuoka2019a,24.75,-21.96,nan,nan,--,nan,nan,nan,nan,nan,nan,nan,--
J093551.64+034847.20,143.965167,3.813111,6.16,Matsuoka2022,22.21,-24.53,nan,nan,--,nan,nan,nan,nan,nan,nan,nan,--
J093830.24+015405.80,144.626,1.901611,6.31,Matsuoka2022,23.86,-22.91,nan,nan,--,nan,nan,nan,nan,nan,nan,nan,--
J094713.88+034939.80,146.807833,3.827722,6.25,Matsuoka2022,23.99,-22.77,nan,nan,--,nan,nan,nan,nan,nan,nan,nan,--
J095139.01+021952.00,147.912542,2.331111,6.12,Matsuoka2022,25.2,-21.53,nan,nan,--,nan,nan,nan,nan,nan,nan,nan,--
J095355.90+691052.62,148.482937,69.181284,5.84,Banados2022,20.19,-26.46,nan,nan,--,nan,nan,nan,nan,nan,nan,nan,--
J095740.39+005333.60,149.418292,0.892667,6.05,Matsuoka2018b,23.72,-22.99,nan,nan,--,nan,nan,nan,nan,nan,nan,nan,--
J100051.59+023457.63,150.21497,2.582674,5.3,Masters2012,23.76,-22.73,nan,nan,--,nan,nan,nan,nan,nan,nan,nan,--
J100401.36+023930.70,151.005667,2.658528,6.41,Matsuoka2018b,22.28,-24.52,nan,nan,--,nan,nan,nan,nan,nan,nan,nan,--
J100614.61-031030.49,151.560878,-3.175137,5.55,Yang2017,19.67,-26.9,nan,nan,--,nan,nan,nan,nan,nan,nan,nan,--
J100716.49-161107.97,151.818693,-16.185546,5.84,Banados2022,21.45,-25.2,nan,nan,--,nan,nan,nan,nan,nan,nan,nan,--
J100758.27+211529.21,151.992773,21.258113,7.5149,Yang2020,20.43,-26.62,7.48,0.01,Yang2021,3152,168,168,3.961165,0.252427,0.252427,14.32,Yang2021
J101505.59+000223.00,153.773292,0.039722,5.95,Matsuoka2022,22.55,-24.13,nan,nan,--,nan,nan,nan,nan,nan,nan,nan,--
J101637.71+254131.99,154.157107,25.692218,5.64,Yang2017,18.86,-27.73,nan,nan,--,nan,nan,nan,nan,nan,nan,nan,--
J102047.40+042946.70,155.1975,4.496306,6.18,Matsuoka2022,21.38,-25.36,nan,nan,--,nan,nan,nan,nan,nan,nan,nan,--
J102201.91+080122.27,155.507954,8.022852,5.3,Yang2017,18.93,-27.56,nan,nan,--,nan,nan,nan,nan,nan,nan,nan,--
J102210.04+225225.35,155.541841,22.873708,5.47,Lyke2020,19.38,-27.16,nan,nan,--,nan,nan,nan,nan,nan,nan,nan,--
J102232.14+023041.90,155.633917,2.511639,5.89,Matsuoka2022,22.57,-24.09,nan,nan,--,nan,nan,nan,nan,nan,nan,nan,--
J102314.45-004447.90,155.810208,-0.746639,6.63,Matsuoka2022,22.38,-24.47,nan,nan,--,nan,nan,nan,nan,nan,nan,nan,--
J102547.19+385726.37,156.446617,38.957326,5.75,Banados2022,19.85,-26.78,nan,nan,--,nan,nan,nan,nan,nan,nan,nan,--
J102841.66+001755.90,157.173583,0.298861,6.1,Matsuoka2022,21.78,-24.94,nan,nan,--,nan,nan,nan,nan,nan,nan,nan,--
J103027.10+052455.00,157.61291,5.415278,6.303,Farina2022,19.84,-26.93,6.303,0.002,Farina2022,3511,209,192,4.65,0.071845,0.069903,19.26,Farina2022
J103137.69-023935.67,157.907036,-2.659907,5.88,Banados2016,20.28,-26.38,nan,nan,--,nan,nan,nan,nan,nan,nan,nan,--
J103414.40+572226.00,158.56,57.373889,5.4,Steffen2004,23.58,-22.94,nan,nan,--,nan,nan,nan,nan,nan,nan,nan,--
J103436.86-123342.49,158.653594,-12.561803,5.51,Yang2019a,20.12,-26.44,nan,nan,--,nan,nan,nan,nan,nan,nan,nan,--
J103446.51-142515.89,158.693789,-14.421079,6.0685,Eilers2020,19.39,-27.32,6.055,0.002,Farina2022,2794,208,194,9.08,0.209709,0.201942,17.04,Farina2022
J103537.74+032435.70,158.90725,3.409917,6.63,Matsuoka2022,22.34,-24.51,nan,nan,--,nan,nan,nan,nan,nan,nan,nan,--
J103654.19-023237.94,159.225791,-2.543873,6.3809,Decarli2018,20.05,-26.74,6.351,0.003,Farina2022,4798,286,252,3.53,0.062136,0.062136,31.33,Farina2022
J103734.52+003750.80,159.393833,0.630778,6.11,Matsuoka2022,23.79,-22.93,nan,nan,--,nan,nan,nan,nan,nan,nan,nan,--
J103758.18+403328.74,159.492416,40.557984,6.07,Gloudemans2022,21.46,-25.25,nan,nan,--,nan,nan,nan,nan,nan,nan,nan,--
J104119.15+200824.00,160.329792,20.14,6.12,Wang2019b,20.65,-26.08,nan,nan,--,nan,nan,nan,nan,nan,nan,nan,--
J104311.09+011913.60,160.796208,1.320444,6.23,Matsuoka2022,24.02,-22.73,nan,nan,--,nan,nan,nan,nan,nan,nan,nan,--
J104320.45+013104.70,160.835208,1.517972,6.25,Matsuoka2022,22.57,-24.19,nan,nan,--,nan,nan,nan,nan,nan,nan,nan,--
J104429.18+010207.10,161.121583,1.035306,6.2,Matsuoka2022,23.46,-23.29,nan,nan,--,nan,nan,nan,nan,nan,nan,nan,--
J104433.04-012502.20,161.13767,-1.417278,5.7846,Venemans2020,19.31,-27.32,nan,nan,--,nan,nan,nan,nan,nan,nan,nan,--
J104740.91+041724.30,161.920458,4.290083,6.19,Matsuoka2022,23.31,-23.43,nan,nan,--,nan,nan,nan,nan,nan,nan,nan,--
J104819.08-010940.29,162.07951,-1.161192,6.6759,Venemans2020,20.9,-25.96,6.64,0.008,Farina2022,4703,620,635,2.05,0.058252,0.058252,22.94,Farina2022
J104836.74+333947.66,162.153083,33.663239,5.61,Yang2019a,19.58,-27.01,nan,nan,--,nan,nan,nan,nan,nan,nan,nan,--
J104845.06+463718.55,162.18777,46.621819,6.2284,Carilli2010,19.56,-27.19,nan,nan,--,nan,nan,nan,nan,nan,nan,nan,--
J105131.80-015159.00,162.8825,-1.866389,6.34,Matsuoka2022,23.37,-23.41,nan,nan,--,nan,nan,nan,nan,nan,nan,nan,--
J105405.32+463730.25,163.522167,46.62507,5.47,Yang2019a,19.58,-26.96,nan,nan,--,nan,nan,nan,nan,nan,nan,nan,--
J105727.60-175831.70,164.365,-17.975472,5.34,Yang2019a,20.1,-26.41,nan,nan,--,nan,nan,nan,nan,nan,nan,nan,--
J105807.72+293041.73,164.532185,29.511591,6.5846,Yang2021,21.16,-25.68,6.585,0.005,Yang2021,2656,97,97,1.126214,0.291262,0.291262,5.42,Yang2021
J105928.61-090620.40,164.8692,-9.105667,5.92,Willott2010a,20.86,-25.81,nan,nan,--,nan,nan,nan,nan,nan,nan,nan,--
J110248.67-010550.90,165.702792,-1.097472,6.07,Matsuoka2022,22.71,-24,nan,nan,--,nan,nan,nan,nan,nan,nan,nan,--
J110301.66+011845.70,165.756917,1.312694,6,Matsuoka2022,23.16,-23.53,nan,nan,--,nan,nan,nan,nan,nan,nan,nan,--
J110327.65+022947.20,165.865208,2.496444,6.49,Matsuoka2022,22.64,-24.18,nan,nan,--,nan,nan,nan,nan,nan,nan,nan,--
J110421.59+213428.80,166.089958,21.574667,6.7662,Yang2021,20.21,-26.67,6.766,0.005,Yang2021,3695,225,225,2.932039,0.174757,0.174757,16.94,Yang2021
J110423.75+024708.60,166.098958,2.785722,6.41,Matsuoka2022,22.74,-24.06,nan,nan,--,nan,nan,nan,nan,nan,nan,nan,--
J110746.24+041101.20,166.942667,4.183667,5.99,Matsuoka2022,23.51,-23.18,nan,nan,--,nan,nan,nan,nan,nan,nan,nan,--
J110756.01-011819.00,166.983375,-1.305278,6.06,Matsuoka2022,21.6,-25.11,nan,nan,--,nan,nan,nan,nan,nan,nan,nan,--
J110953.44+565707.64,167.472659,56.952122,5.95,Banados2016,20.74,-25.94,nan,nan,--,nan,nan,nan,nan,nan,nan,nan,--
J111027.01+022800.70,167.612542,2.466861,6.07,Matsuoka2022,23.15,-23.56,nan,nan,--,nan,nan,nan,nan,nan,nan,nan,--
J111033.98-132945.68,167.64159,-13.496023,6.5144,Venemans2020,21.25,-25.57,nan,nan,--,nan,nan,nan,nan,nan,nan,nan,--
J111427.15+021517.60,168.613125,2.254889,6.55,Matsuoka2022,22.08,-24.75,nan,nan,--,nan,nan,nan,nan,nan,nan,nan,--
J111633.75+585322.04,169.140616,58.889455,5.73,Banados2022,20.59,-26.03,nan,nan,--,nan,nan,nan,nan,nan,nan,nan,--
J111921.65+011308.60,169.840208,1.219056,5.78,Wang2019b,21.06,-25.57,nan,nan,--,nan,nan,nan,nan,nan,nan,nan,--
J112001.48+064124.30,170.00616,6.690083,7.0848,Venemans2020,20.38,-26.58,7.07,0.003,Yang2021,3402,73,73,2.601942,0.194175,0.194175,13.52,Yang2021
J112143.65-071839.69,170.431881,-7.311026,5.71,Yang2019a,20.21,-26.4,nan,nan,--,nan,nan,nan,nan,nan,nan,nan,--
J112319.84+201229.73,170.832658,20.208258,6.41,Banados2022,20.7,-26.1,nan,nan,--,nan,nan,nan,nan,nan,nan,nan,--
J112746.08+022231.50,171.942,2.375417,6.13,Matsuoka2022,23.51,-23.22,nan,nan,--,nan,nan,nan,nan,nan,nan,nan,--
J112842.48+265312.00,172.177019,26.886668,5.77,Banados2016,20.78,-25.85,nan,nan,--,nan,nan,nan,nan,nan,nan,nan,--
J112925.37+184624.33,172.355699,18.773425,6.823,Banados2021,21.08,-25.82,6.823,0.002,Banados2021,1774,36,36,1.631068,0.368932,0.368932,2.91,Yang2021
J113034.65+045013.10,172.644375,4.836972,6.68,Matsuoka2022,22.92,-23.94,nan,nan,--,nan,nan,nan,nan,nan,nan,nan,--
J113218.15+003800.10,173.075625,0.633361,5.66,Matsuoka2019a,23.42,-23.18,nan,nan,--,nan,nan,nan,nan,nan,nan,nan,--
J113308.78+160355.79,173.286603,16.065498,5.61,Yang2017,19.17,-27.42,nan,nan,--,nan,nan,nan,nan,nan,nan,nan,--
J113316.77-065644.90,173.319861,-6.945805,5.77,Banados2022,20.66,-25.97,nan,nan,--,nan,nan,nan,nan,nan,nan,nan,--
J113350.43+481431.50,173.460113,48.242084,6.233,Banados2022,21.63,-25.12,nan,nan,--,nan,nan,nan,nan,nan,nan,nan,--
J113414.23+082853.32,173.559283,8.481478,5.69,Yang2017,20.27,-26.34,nan,nan,--,nan,nan,nan,nan,nan,nan,nan,--
J113508.93+501133.00,173.787208,50.1925,6.5851,Yang2021,20.65,-26.19,6.579,0.001,Yang2021,3762,129,129,2.097087,0.15534,0.15534,14.85,Yang2021
J113717.73+354956.90,174.32387,35.832472,6.007,Shen2019,19.4,-27.3,5.9535,0.0052,Shen2019,3073.9,783.6,783.6,2.10928,0.010608,0.010608,9.94,Shen2019
J113735.37-104934.54,174.397365,-10.82626,5.5,Yang2019a,19.87,-26.68,nan,nan,--,nan,nan,nan,nan,nan,nan,nan,--
J113753.64+004509.70,174.4735,0.752694,6.4,Matsuoka2019a,22.6,-24.2,nan,nan,--,nan,nan,nan,nan,nan,nan,nan,--
J113910.09-121704.38,174.792041,-12.284549,5.81,Banados2016,20.2,-26.44,nan,nan,--,nan,nan,nan,nan,nan,nan,nan,--
J114138.20-201555.65,175.409184,-20.265458,5.69,Banados2016,20.35,-26.26,nan,nan,--,nan,nan,nan,nan,nan,nan,nan,--
J114143.06+711925.07,175.429408,71.323631,5.86,Banados2022,20.71,-25.95,nan,nan,--,nan,nan,nan,nan,nan,nan,nan,--
J114338.33+380828.72,175.909725,38.141311,5.8356,Eilers2020,20.01,-26.64,nan,nan,--,nan,nan,nan,nan,nan,nan,nan,--
J114632.66-015438.30,176.636083,-1.910639,6.16,Matsuoka2018b,23.31,-23.43,nan,nan,--,nan,nan,nan,nan,nan,nan,nan,--
J114648.42+012420.10,176.70175,1.405583,6.27,Matsuoka2018b,23.05,-23.71,nan,nan,--,nan,nan,nan,nan,nan,nan,nan,--
J114658.89-000537.70,176.745375,-0.093806,6.3,Matsuoka2018b,25.31,-21.46,nan,nan,--,nan,nan,nan,nan,nan,nan,nan,--
J114706.41-010958.20,176.776708,-1.166167,5.31,Yang2017,19.13,-27.37,nan,nan,--,nan,nan,nan,nan,nan,nan,nan,--
J114803.29+070208.33,177.01369,7.035647,6.324,Farina2022,20.35,-26.43,6.324,0.002,Farina2022,4895,165,154,3.24,0.042718,0.036893,31.24,Farina2022
J114816.21+525339.30,177.06754,52.89425,5.7,Mahabal2005,22.47,-24.14,nan,nan,--,nan,nan,nan,nan,nan,nan,nan,--
J114816.65+525150.43,177.06938,52.864008,6.4189,Bertoldi2003,19.24,-27.56,6.4163,0.0058,Shen2019,5317,94.9,94.9,6.695899,0.030695,0.030695,52.99,Shen2019
J114833.18+005642.26,177.13825,0.945072,5.84,Venemans2015b,21.86,-24.79,nan,nan,--,nan,nan,nan,nan,nan,nan,nan,--
J114946.45+074850.63,177.443522,7.814065,5.66,Yang2017,20.27,-26.33,nan,nan,--,nan,nan,nan,nan,nan,nan,nan,--
J115006.96+021131.00,177.529,2.191944,6,Matsuoka2022,22.12,-24.57,nan,nan,--,nan,nan,nan,nan,nan,nan,nan,--
J115221.27+005536.69,178.08863,0.926858,6.3643,Decarli2018,21.74,-25.05,6.36,0.004,Onoue2019,3240,280,450,0.677,0.011,0.011,6.26,Onoue2019
J115329.59+283027.11,178.37331,28.50753,5.68,Banados2022,19.84,-26.77,nan,nan,--,nan,nan,nan,nan,nan,nan,nan,--
J115414.26-121117.48,178.559413,-12.188189,5.83,Banados2016,20.6,-26.05,nan,nan,--,nan,nan,nan,nan,nan,nan,nan,--
J115924.01+020041.80,179.850042,2.011611,6.15,Matsuoka2022,24.42,-22.31,nan,nan,--,nan,nan,nan,nan,nan,nan,nan,--
J120103.02+013356.40,180.262583,1.565667,6.06,Matsuoka2018a,22.86,-23.85,nan,nan,--,nan,nan,nan,nan,nan,nan,nan,--
J120246.37-005701.70,180.693208,-0.950472,5.9289,Izumi2018,23.85,-22.82,nan,nan,--,nan,nan,nan,nan,nan,nan,nan,--
J120253.13+025630.80,180.721375,2.941889,6.02,Matsuoka2022,23.92,-22.78,nan,nan,--,nan,nan,nan,nan,nan,nan,nan,--
J120505.10-000027.97,181.271242,-0.007769,6.723,Izumi2021a,21.38,-25.49,6.699,0.007,Onoue2019,5620,220,990,0.896,0.066,0.066,21.66,Onoue2019
J120737.44+063010.37,181.90601,6.502881,6.0366,Decarli2018,20.13,-26.57,6.014,0.0139,Shen2019,6578.8,439.7,439.7,1.788788,0.011016,0.011016,41.93,Shen2019
J120754.14-000553.30,181.975583,-0.098139,6.01,Matsuoka2016,23.93,-22.77,nan,nan,--,nan,nan,nan,nan,nan,nan,nan,--
J120859.23-020034.80,182.246792,-2.009667,6.1165,Izumi2019,22.02,-24.7,6.144,0.01,Onoue2019,3850,920,1990,0.438,0.004,0.004,7.11,Onoue2019
J120914.93+532748.07,182.312192,53.463353,5.99,Banados2022,21.05,-25.64,nan,nan,--,nan,nan,nan,nan,nan,nan,nan,--
J120923.99-000646.50,182.349958,-0.112917,5.86,Matsuoka2018b,24.15,-22.51,nan,nan,--,nan,nan,nan,nan,nan,nan,nan,--
J121049.12+013426.70,182.704667,1.574083,5.97,Matsuoka2019a,24.09,-22.6,nan,nan,--,nan,nan,nan,nan,nan,nan,nan,--
J121226.98+050533.49,183.112421,5.092636,6.4386,Venemans2020,19.82,-26.99,6.39,0.004,Farina2022,4459,311,334,4.36,0.058252,0.058252,30.08,Farina2022
J121311.81-124603.45,183.29919,-12.767624,5.86,Banados2014,19.22,-27.44,nan,nan,--,nan,nan,nan,nan,nan,nan,nan,--
J121516.88+002324.74,183.82033,0.390205,5.93,Venemans2015b,21.28,-25.39,nan,nan,--,nan,nan,nan,nan,nan,nan,nan,--
J121627.58+451910.70,184.114917,45.319639,6.648,Yang2021,21.27,-25.59,6.648,0.003,Yang2021,2816,292,292,1.126214,0.23301,0.23301,6.1,Yang2021
J121721.34+013142.47,184.338933,1.528464,6.2,Banados2016,21.43,-25.32,nan,nan,--,nan,nan,nan,nan,nan,nan,nan,--
J121811.19+180750.54,184.546625,18.130706,5.3,Yang2019a,19.89,-26.6,nan,nan,--,nan,nan,nan,nan,nan,nan,nan,--
J121905.34+005037.50,184.77225,0.84375,6.01,Matsuoka2018b,22.85,-23.85,nan,nan,--,nan,nan,nan,nan,nan,nan,nan,--
J122331.91+025721.50,185.882958,2.955972,6.27,Matsuoka2022,22.5,-24.26,nan,nan,--,nan,nan,nan,nan,nan,nan,nan,--
J122825.15-023339.25,187.10479,-2.560903,5.77,Banados2016,20.88,-25.75,nan,nan,--,nan,nan,nan,nan,nan,nan,nan,--
J122913.21+041927.70,187.30503,4.324362,5.89,Banados2014,21.1,-25.56,nan,nan,--,nan,nan,nan,nan,nan,nan,nan,--
J123137.77+005230.30,187.907375,0.875083,6.69,Matsuoka2019a,22.48,-24.39,nan,nan,--,nan,nan,nan,nan,nan,nan,nan,--
J123333.47+062234.19,188.389473,6.376165,5.302,Lyke2020,19.59,-26.9,nan,nan,--,nan,nan,nan,nan,nan,nan,nan,--
J123606.05+465725.14,189.025227,46.956982,5.55,Yang2019a,19.33,-27.24,nan,nan,--,nan,nan,nan,nan,nan,nan,nan,--
J124340.81+252923.88,190.92003,25.489967,5.85,Jiang2016,20.62,-26.03,nan,nan,--,nan,nan,nan,nan,nan,nan,nan,--
J124353.93+010038.50,190.974708,1.010694,7.0749,Izumi2021b,22.82,-24.13,7.07,0.01,Matsuoka2019b,3100,900,900,0.27,0.019,0.019,3.62,Matsuoka2019b
J124359.03+032253.80,190.995958,3.381611,5.97,Matsuoka2022,24.44,-22.25,nan,nan,--,nan,nan,nan,nan,nan,nan,nan,--
J124413.67+862554.19,191.05696,86.43172,5.32,Belladitta2023,19.22,-27.28,5.32,0.005,Belladitta2023,nan,nan,nan,nan,nan,nan,nan,--
J125051.93+313021.90,192.71637,31.506083,6.138,Shen2019,20.26,-26.47,6.1377,0.0053,Shen2019,2603,174.3,174.3,2.5397,0.010364,0.010364,7.82,Shen2019
J125335.82-024655.33,193.399241,-2.782035,5.8,Banados2022,21.21,-25.43,nan,nan,--,nan,nan,nan,nan,nan,nan,nan,--
J125437.08-001410.70,193.6545,-0.236306,6.13,Matsuoka2019a,25.82,-20.91,nan,nan,--,nan,nan,nan,nan,nan,nan,nan,--
J125630.97+253251.45,194.129033,25.547624,5.91,Banados2016,20.9,-25.77,nan,nan,--,nan,nan,nan,nan,nan,nan,nan,--
J125757.47+634937.20,194.489458,63.827,5.95,Shen2019,20.48,-26.2,5.952,0.0119,Shen2019,4450.1,823.6,823.6,1.246619,0.016402,0.016402,16.02,Shen2019
J125845.66-004757.50,194.69025,-0.799306,6.22,Matsuoka2022,23.76,-22.99,nan,nan,--,nan,nan,nan,nan,nan,nan,nan,--
J130523.43+152323.64,196.347625,15.389901,5.69,Banados2022,20.44,-26.17,nan,nan,--,nan,nan,nan,nan,nan,nan,nan,--
J130608.26+035626.30,196.53441,3.940639,6.033,Venemans2020,19.94,-26.76,6.015,0.001,Farina2022,3895,69,58,3.64,0.023301,0.023301,20.97,Farina2022
J131050.13-005054.10,197.708875,-0.848361,6.82,Matsuoka2022,22.23,-24.67,nan,nan,--,nan,nan,nan,nan,nan,nan,nan,--
J131052.75+253206.68,197.719801,25.535188,5.84,Banados2016,20.7,-25.95,nan,nan,--,nan,nan,nan,nan,nan,nan,nan,--
J131128.20+454814.72,197.867498,45.80409,5.66,Banados2022,20.87,-25.73,nan,nan,--,nan,nan,nan,nan,nan,nan,nan,--
J131258.66+010902.10,198.244417,1.150583,5.9,Matsuoka2022,23.03,-23.64,nan,nan,--,nan,nan,nan,nan,nan,nan,nan,--
J131326.06-261721.83,198.358593,-26.289398,5.54,Yang2019a,19.32,-27.25,nan,nan,--,nan,nan,nan,nan,nan,nan,nan,--
J131440.41+543237.22,198.668378,54.543672,5.52,Yang2019a,19.35,-27.21,nan,nan,--,nan,nan,nan,nan,nan,nan,nan,--
J131608.14+102832.80,199.033917,10.475778,6.329,Yang2021,21.06,-25.72,6.329,0.005,Yang2021,2866,763,763,2.873786,0.640777,0.640777,10.09,Yang2021
J131732.73+012741.60,199.386375,1.461556,5.88,Matsuoka2022,22.27,-24.39,nan,nan,--,nan,nan,nan,nan,nan,nan,nan,--
J131746.92+001722.20,199.4455,0.2895,6.94,Matsuoka2022,22.12,-24.8,nan,nan,--,nan,nan,nan,nan,nan,nan,nan,--
J131911.30+095051.49,199.79709,9.847637,6.1347,Venemans2020,19.74,-26.99,6.123,0.001,Farina2022,3747,112,113,3.43,0.01165,0.01165,18.84,Farina2022
J132308.18+012619.20,200.784083,1.438667,6.03,Matsuoka2022,23.74,-22.96,nan,nan,--,nan,nan,nan,nan,nan,nan,nan,--
J132352.02-013941.40,200.96675,-1.6615,6.44,Matsuoka2022,22.19,-24.62,nan,nan,--,nan,nan,nan,nan,nan,nan,nan,--
J132539.95+441559.00,201.416458,44.266389,6.45,Matsuoka2022,20.86,-25.95,nan,nan,--,nan,nan,nan,nan,nan,nan,nan,--
J132700.35+014147.70,201.751458,1.696583,6.23,Matsuoka2022,23.39,-23.36,nan,nan,--,nan,nan,nan,nan,nan,nan,nan,--
J132741.33+573238.43,201.922208,57.544008,5.74,Banados2016,20.63,-25.99,nan,nan,--,nan,nan,nan,nan,nan,nan,nan,--
J133028.26+622412.28,202.617752,62.403411,5.43,Gloudemans2022,20.28,-26.25,nan,nan,--,nan,nan,nan,nan,nan,nan,nan,--
J133206.46-011325.70,203.026917,-1.223806,6.31,Matsuoka2022,21.74,-25.03,nan,nan,--,nan,nan,nan,nan,nan,nan,nan,--
J133550.81+353315.80,203.9617,35.554388,5.9012,Carilli2010,20.05,-26.62,nan,nan,--,nan,nan,nan,nan,nan,nan,nan,--
J133556.24-032838.20,203.984318,-3.477279,5.67,Yang2017,18.91,-27.69,nan,nan,--,nan,nan,nan,nan,nan,nan,nan,--
J133833.25-001832.90,204.638542,-0.309139,6.7,Matsuoka2022,22.88,-23.99,nan,nan,--,nan,nan,nan,nan,nan,nan,nan,--
J134040.24+281328.16,205.167677,28.224488,5.339,Lyke2020,19.45,-27.06,nan,nan,--,nan,nan,nan,nan,nan,nan,nan,--
J134208.11+092838.61,205.533772,9.477391,7.54,Banados2019a,20.34,-26.71,7.51,0.01,Yang2021,2640,215,215,2.582524,0.213592,0.213592,8.11,Yang2021
J134400.87+012827.80,206.003625,1.474389,6.72,Matsuoka2019a,23.41,-23.46,nan,nan,--,nan,nan,nan,nan,nan,nan,nan,--
J134733.69-015750.60,206.890375,-1.964056,6.15,Matsuoka2019a,22,-24.73,nan,nan,--,nan,nan,nan,nan,nan,nan,nan,--
J134905.63+015608.90,207.273458,1.935806,6.94,Matsuoka2022,22.09,-24.83,nan,nan,--,nan,nan,nan,nan,nan,nan,nan,--
J135012.04-002705.20,207.550167,-0.451444,6.49,Matsuoka2019a,22.44,-24.38,nan,nan,--,nan,nan,nan,nan,nan,nan,nan,--
J135023.61+374835.67,207.59836,37.809909,5.69,Banados2022,20.76,-25.85,nan,nan,--,nan,nan,nan,nan,nan,nan,nan,--
J135106.72-211120.27,207.778005,-21.188964,5.81,Banados2022,20.69,-25.95,nan,nan,--,nan,nan,nan,nan,nan,nan,nan,--
J135649.41-264230.23,209.205856,-26.708397,5.72,Banados2016,19.49,-27.13,nan,nan,--,nan,nan,nan,nan,nan,nan,nan,--
J135731.81-084301.73,209.382561,-8.717147,5.77,Banados2022,21.44,-25.19,nan,nan,--,nan,nan,nan,nan,nan,nan,nan,--
J135747.34+530542.50,209.44725,53.095139,5.32,McGreer2018,20.97,-25.53,nan,nan,--,nan,nan,nan,nan,nan,nan,nan,--
J140001.31+554619.33,210.005458,55.772036,5.85,Kim2022,23.4,-23.25,nan,nan,--,nan,nan,nan,nan,nan,nan,nan,--
J140028.79-001151.50,210.119958,-0.197639,6.04,Matsuoka2018b,23.75,-22.95,nan,nan,--,nan,nan,nan,nan,nan,nan,nan,--
J140029.99-012521.00,210.124958,-1.4225,6.04,Matsuoka2018b,23,-23.7,nan,nan,--,nan,nan,nan,nan,nan,nan,nan,--
J140120.86+454253.46,210.336899,45.71485,5.45,Gloudemans2022,21.04,-25.5,nan,nan,--,nan,nan,nan,nan,nan,nan,nan,--
J140147.34+274935.02,210.447244,27.826393,6.166,Shen2019,20.24,-26.5,6.1662,0.007,Shen2019,4738.5,769.5,769.5,1.778177,0.023399,0.023399,21.69,Shen2019
J140254.66+402403.20,210.72773,40.400888,6.04,Banados2016,20.9,-25.8,nan,nan,--,nan,nan,nan,nan,nan,nan,nan,--
J140319.13+090250.99,210.829703,9.047498,5.88,Banados2016,20.3,-26.36,nan,nan,--,nan,nan,nan,nan,nan,nan,nan,--
J140329.33-120034.14,210.87222,-12.009482,5.84,Banados2014,20.88,-25.77,nan,nan,--,nan,nan,nan,nan,nan,nan,nan,--
J140617.42+433033.20,211.572583,43.509222,6.39,Matsuoka2022,23.04,-23.75,nan,nan,--,nan,nan,nan,nan,nan,nan,nan,--
J140629.12-011611.20,211.621333,-1.269778,6.33,Matsuoka2018b,21.85,-24.93,nan,nan,--,nan,nan,nan,nan,nan,nan,nan,--
J140646.88-014402.60,211.695333,-1.734056,6.1,Matsuoka2018b,23.35,-23.37,nan,nan,--,nan,nan,nan,nan,nan,nan,nan,--
J140911.38-155911.66,212.297434,-15.986572,5.83,Banados2016,21.27,-25.38,nan,nan,--,nan,nan,nan,nan,nan,nan,nan,--
J141111.29+121737.40,212.79704,12.293722,5.903,DeRosa2011,20.03,-26.64,5.903,0.001,DeRosa2011,2824,168,168,0.51,0.008,0.008,4.13,DeRosa2011
J141327.12-223342.25,213.36299,-22.561737,5.92,Banados2016,19.88,-26.79,nan,nan,--,nan,nan,nan,nan,nan,nan,nan,--
J141439.54+013036.50,213.66475,1.510139,5.94,Matsuoka2018a,23.15,-23.53,nan,nan,--,nan,nan,nan,nan,nan,nan,nan,--
J141446.82+544631.80,213.695083,54.7755,5.42,McGreer2018,22.7,-23.83,nan,nan,--,nan,nan,nan,nan,nan,nan,nan,--
J141455.90-132849.28,213.732923,-13.480354,5.78,Banados2016,21,-25.63,nan,nan,--,nan,nan,nan,nan,nan,nan,nan,--
J141612.71+001546.20,214.052958,0.262833,6.03,Matsuoka2018a,24.31,-22.39,nan,nan,--,nan,nan,nan,nan,nan,nan,nan,--
J141653.01+014702.20,214.220875,1.783944,6.07,Matsuoka2018b,23.44,-23.27,nan,nan,--,nan,nan,nan,nan,nan,nan,nan,--
J141728.67+011712.40,214.369458,1.286778,6.02,Matsuoka2018a,23.87,-22.83,nan,nan,--,nan,nan,nan,nan,nan,nan,nan,--
J141956.59+571840.40,214.985792,57.311222,5.35,Gloudemans2022,20.74,-25.77,nan,nan,--,nan,nan,nan,nan,nan,nan,nan,--
J142036.34-160230.25,215.15143,-16.041735,5.73,Morganson2012,19.13,-27.49,nan,nan,--,nan,nan,nan,nan,nan,nan,nan,--
J142143.29+263157.12,215.430368,26.532534,6.28,Banados2022,20.4,-26.37,nan,nan,--,nan,nan,nan,nan,nan,nan,nan,--
J142200.23+001103.00,215.500958,0.184167,5.89,Matsuoka2018b,23.87,-22.79,nan,nan,--,nan,nan,nan,nan,nan,nan,nan,--
J142307.21-022519.00,215.780042,-2.421944,5.9,Matsuoka2019a,22.41,-24.26,nan,nan,--,nan,nan,nan,nan,nan,nan,nan,--
J142331.71-001809.10,215.882125,-0.302528,6.13,Matsuoka2018a,24.85,-21.88,nan,nan,--,nan,nan,nan,nan,nan,nan,nan,--
J142516.30+325409.00,216.31792,32.9025,5.8918,Carilli2010,20.25,-26.41,nan,nan,--,nan,nan,nan,nan,nan,nan,nan,--
J142517.72-001540.90,216.323833,-0.261361,6.18,Matsuoka2018a,23.3,-23.44,nan,nan,--,nan,nan,nan,nan,nan,nan,nan,--
J142611.33-012822.80,216.547208,-1.473,6.01,Matsuoka2019a,22.95,-23.75,nan,nan,--,nan,nan,nan,nan,nan,nan,nan,--
J142729.70+352209.00,216.87375,35.369167,5.53,Cool2006,21.89,-24.67,nan,nan,--,nan,nan,nan,nan,nan,nan,nan,--
J142738.59+331242.00,216.91079,33.211666,6.118,Khusanova2022,20.68,-26.04,6.1178,0.005,Shen2019,2473.9,212.2,212.2,2.206482,0.012459,0.012459,6.59,Shen2019
J142821.39-160243.30,217.089133,-16.045361,6.1498,Decarli2018,19.84,-26.89,nan,nan,--,nan,nan,nan,nan,nan,nan,nan,--
J142903.08-010443.40,217.262833,-1.078722,6.8,Matsuoka2018a,23.84,-23.05,nan,nan,--,nan,nan,nan,nan,nan,nan,nan,--
J142920.22-000207.40,217.33425,-0.035389,6.04,Matsuoka2018a,23.28,-23.42,nan,nan,--,nan,nan,nan,nan,nan,nan,nan,--
J142937.96+330416.32,217.408168,33.0712,5.39,Cool2006,21,-25.52,nan,nan,--,nan,nan,nan,nan,nan,nan,nan,--
J142952.17+544717.70,217.46737,54.788249,6.19,Khusanova2022,20.7,-26.04,6.1188,0.0084,Shen2019,3842.2,1415.6,1415.6,1.63623,0.010415,0.010415,13.68,Shen2019
J143054.67+531520.32,217.727792,53.255644,6.29,Kim2022,21.32,-25.45,nan,nan,--,nan,nan,nan,nan,nan,nan,nan,--
J143140.45-072443.47,217.918533,-7.412074,6.14,Banados2016,20.44,-26.29,nan,nan,--,nan,nan,nan,nan,nan,nan,nan,--
J143335.22+281950.44,218.396749,28.330678,5.91,Banados2022,20.82,-25.85,nan,nan,--,nan,nan,nan,nan,nan,nan,nan,--
J143505.15+044908.29,218.771476,4.818977,6.14,Banados2022,20.83,-25.9,nan,nan,--,nan,nan,nan,nan,nan,nan,nan,--
J143611.74+500706.90,219.04891,50.118583,5.85,Carilli2010,20.15,-26.5,nan,nan,--,nan,nan,nan,nan,nan,nan,nan,--
J143751.83+232313.35,219.465938,23.387042,5.305,Lyke2020,19.12,-27.38,nan,nan,--,nan,nan,nan,nan,nan,nan,nan,--
J144001.30-010702.20,220.005417,-1.117278,6.13,Matsuoka2018a,24.14,-22.59,nan,nan,--,nan,nan,nan,nan,nan,nan,nan,--
J144045.91+001912.90,220.191292,0.32025,6.55,Matsuoka2022,23.6,-23.23,nan,nan,--,nan,nan,nan,nan,nan,nan,nan,--
J144128.70+502239.40,220.369583,50.377611,5.66,Wagenweld2022,19.43,-27.17,nan,nan,--,nan,nan,nan,nan,nan,nan,nan,--
J144823.33+433305.90,222.097208,43.551639,6.14,Matsuoka2019a,22.37,-24.36,nan,nan,--,nan,nan,nan,nan,nan,nan,nan,--
J145005.39-014438.90,222.522458,-1.744139,6.63,Matsuoka2022,23.12,-23.73,nan,nan,--,nan,nan,nan,nan,nan,nan,nan,--
J145520.26+031833.00,223.834417,3.309167,6.06,Matsuoka2022,22.89,-23.82,nan,nan,--,nan,nan,nan,nan,nan,nan,nan,--
J145836.16+101249.65,224.650677,10.213792,5.6,Banados2022,19.68,-26.9,nan,nan,--,nan,nan,nan,nan,nan,nan,nan,--
J150036.84+281603.04,225.15349,28.26751,5.55,Yang2019a,18.97,-27.6,nan,nan,--,nan,nan,nan,nan,nan,nan,nan,--
J150941.78-174926.80,227.42408,-17.824111,6.1225,Decarli2018,19.64,-27.09,6.118,0.001,Farina2022,4067,156,153,4.87,0.042718,0.046602,26.44,Farina2022
J151248.71+442217.50,228.202958,44.371528,6.19,Matsuoka2019a,24.67,-22.07,nan,nan,--,nan,nan,nan,nan,nan,nan,nan,--
J151339.65+085406.59,228.415188,8.901829,5.47,Yang2017,19.81,-26.73,nan,nan,--,nan,nan,nan,nan,nan,nan,nan,--
J151444.91+211419.84,228.687124,21.238843,5.92,Banados2016,20.61,-26.06,nan,nan,--,nan,nan,nan,nan,nan,nan,nan,--
J151448.71+012252.25,228.702938,1.381181,5.76,Banados2022,21.38,-25.25,nan,nan,--,nan,nan,nan,nan,nan,nan,nan,--
J151657.87+422852.90,229.241125,42.481361,6.13,Matsuoka2019a,22.38,-24.35,nan,nan,--,nan,nan,nan,nan,nan,nan,nan,--
J152330.66+293539.67,230.877738,29.594354,5.73,Wenzl2021,20.17,-26.45,nan,nan,--,nan,nan,nan,nan,nan,nan,nan,--
J152345.70+334759.84,230.940419,33.799956,5.33,Lyke2020,20.25,-26.25,nan,nan,--,nan,nan,nan,nan,nan,nan,nan,--
J152555.79+430324.00,231.482458,43.056667,6.27,Matsuoka2019a,23.15,-23.61,nan,nan,--,nan,nan,nan,nan,nan,nan,nan,--
J152637.84-205000.66,231.657658,-20.833517,6.5869,Venemans2020,19.7,-27.14,6.558,0.006,Farina2022,5196,588,493,4.34,0.104854,0.100971,40.75,Farina2022
J152712.86+064121.91,231.803583,6.689418,5.57,Yang2017,19.71,-26.86,nan,nan,--,nan,nan,nan,nan,nan,nan,nan,--
J153532.87+194320.10,233.886958,19.72225,6.37,Yang2021,19.79,-27,6.37,0.001,Yang2021,4372,266,266,6.504854,0.330097,0.330097,35.32,Yang2021
J154346.82+170028.54,235.945084,17.007929,5.82,Banados2016,20.17,-26.47,nan,nan,--,nan,nan,nan,nan,nan,nan,nan,--
J154505.62+423211.60,236.273417,42.536556,6.5,Matsuoka2018b,22.67,-24.15,nan,nan,--,nan,nan,nan,nan,nan,nan,nan,--
J154509.90+163631.94,236.291247,16.608873,5.82,Banados2016,20.82,-25.82,nan,nan,--,nan,nan,nan,nan,nan,nan,nan,--
J154552.08+602824.00,236.467013,60.473332,5.78,Wang2016,19.04,-27.59,nan,nan,--,nan,nan,nan,nan,nan,nan,nan,--
J154825.40+005015.50,237.105833,0.837639,6.15,Wang2019b,21.11,-25.62,nan,nan,--,nan,nan,nan,nan,nan,nan,nan,--
J155000.93+431802.80,237.503875,43.300778,5.84,Matsuoka2018b,23.79,-22.86,nan,nan,--,nan,nan,nan,nan,nan,nan,nan,--
J155524.25-065351.59,238.851033,-6.897663,5.88,Banados2022template,20.65,-26.01,nan,nan,--,nan,nan,nan,nan,nan,nan,nan,--
J155850.99-072409.59,239.712461,-7.402664,6.1102,Eilers2020erratum,19.32,-27.4,6.112,0.001,Farina2022,3611,135,150,5.9,0.073786,0.083495,22.94,Farina2022
J155909.09+221214.43,239.787883,22.204009,6.07,Wang2017,20.88,-25.83,nan,nan,--,nan,nan,nan,nan,nan,nan,nan,--
J160253.98+422824.90,240.72491,42.473583,6.079,Shen2019,19.83,-26.88,6.0827,0.0052,Shen2019,3594.3,185.9,185.9,3.605517,0.016706,0.016706,17.77,Shen2019
J160349.07+551032.30,240.954458,55.175639,6.04,Kashikawa2015,24.12,-22.58,nan,nan,--,nan,nan,nan,nan,nan,nan,nan,--
J160552.07+555340.61,241.466958,55.894614,5.409,Shin2020,20.65,-25.88,nan,nan,--,nan,nan,nan,nan,nan,nan,nan,--
J160937.28+304147.73,242.40532,30.696591,6.146,Shen2019,20.41,-26.32,6.1456,0.0055,Shen2019,5856.7,338.1,338.1,1.181865,0.009008,0.009008,27.01,Shen2019
J160945.53-125854.11,242.43971,-12.981697,5.83,Banados2016,19.78,-26.87,nan,nan,--,nan,nan,nan,nan,nan,nan,nan,--
J160953.03+532821.00,242.470958,53.4725,6.92,Matsuoka2019a,24.17,-22.75,nan,nan,--,nan,nan,nan,nan,nan,nan,nan,--
J161207.12+555919.20,243.029667,55.988667,6.78,Matsuoka2019a,23.87,-23.02,nan,nan,--,nan,nan,nan,nan,nan,nan,nan,--
J161425.13+464028.94,243.604723,46.674706,5.316,Lyke2020,19.72,-26.78,nan,nan,--,nan,nan,nan,nan,nan,nan,nan,--
J161435.36+011444.80,243.647317,1.245777,5.78,Yang2019a,19.74,-26.89,nan,nan,--,nan,nan,nan,nan,nan,nan,nan,--
J161819.77+552654.00,244.582375,55.448333,5.91,Matsuoka2019a,22.41,-24.26,nan,nan,--,nan,nan,nan,nan,nan,nan,nan,--
J162015.28-001152.30,245.063677,-0.19786,5.68,Banados2016,21.39,-25.22,nan,nan,--,nan,nan,nan,nan,nan,nan,nan,--
J162100.92+515548.79,245.25383,51.93022,5.71,Jiang2016,19.54,-27.07,nan,nan,--,nan,nan,nan,nan,nan,nan,nan,--
J162331.81+311200.50,245.88254,31.200138,6.2605,Wang2011,20.26,-26.5,6.2544,0.0056,Shen2019,3684.6,181.4,181.4,2.561741,0.021084,0.021084,15.74,Shen2019
J162911.30+240739.74,247.297081,24.127706,6.476,Mazzucchelli2017,20.28,-26.53,6.476,0.004,Mazzucchelli2017,1975,312,288,3.4,0.1,1.5,5.21,Mazzucchelli2017
J163033.90+401209.60,247.64125,40.202666,6.063,Shen2019,20.57,-26.14,6.0656,0.0066,Shen2019,4655.2,506.1,506.1,1.375349,0.010512,0.010512,18.41,Shen2019
J163752.18+024158.40,249.467406,2.699555,5.76,Wenzl2021,19.54,-27.09,nan,nan,--,nan,nan,nan,nan,nan,nan,nan,--
J164121.64+375520.50,250.34016,37.922361,6.047,Willott2010b,21.09,-25.62,6.047,0.003,Willott2010b,1740,190,190,1.2,0.13,0.13,2.4,Willott2010b
J164854.53+460327.40,252.227208,46.057611,5.36,Caccianiga2019,19.51,-27,nan,nan,--,nan,nan,nan,nan,nan,nan,nan,--
J165042.26+161721.50,252.67608,16.289307,5.52,Yang2019a,19.31,-27.25,nan,nan,--,nan,nan,nan,nan,nan,nan,nan,--
J165051.75+545701.38,252.715642,54.950382,6.06,Gloudemans2022,20.15,-26.56,nan,nan,--,nan,nan,nan,nan,nan,nan,nan,--
J165333.84-761426.23,253.391012,-76.24062,5.41,Onken2022,18.2,-28.33,nan,nan,--,nan,nan,nan,nan,nan,nan,nan,--
J165635.47+454113.53,254.147806,45.687091,5.34,Wang2016,18.94,-27.57,nan,nan,--,nan,nan,nan,nan,nan,nan,nan,--
J165902.12+270935.10,254.758824,27.15975,5.306,Lyke2020,18.86,-27.64,nan,nan,--,nan,nan,nan,nan,nan,nan,nan,--
J170245.31+130102.24,255.688797,13.017288,5.466,Khorunzhev2021,20.81,-25.73,nan,nan,--,nan,nan,nan,nan,nan,nan,nan,--
J172408.74+190143.12,261.036428,19.028645,6.48,Yang2021,21.12,-25.7,6.48,0.001,Yang2021,2704,62,62,1.631068,0.252427,0.252427,6.76,Yang2021
J172429.93+371821.78,261.124702,37.306051,5.76,Banados2022,21.03,-25.6,nan,nan,--,nan,nan,nan,nan,nan,nan,nan,--
J174343.15+412450.21,265.929804,41.413948,6.0263,Eilers2020,20.76,-25.94,nan,nan,--,nan,nan,nan,nan,nan,nan,nan,--
J174800.51+224652.38,267.002116,22.781216,5.95,Banados2016,21.04,-25.64,nan,nan,--,nan,nan,nan,nan,nan,nan,nan,--
J180546.93+491824.20,271.445555,49.306722,5.74,Banados2022,20.38,-26.24,nan,nan,--,nan,nan,nan,nan,nan,nan,nan,--
J184520.68+534547.23,281.336151,53.763119,6.18,Banados2022,20.09,-26.65,nan,nan,--,nan,nan,nan,nan,nan,nan,nan,--
J191435.45+631452.54,288.647671,63.247929,5.96,Banados2022,20.64,-26.04,nan,nan,--,nan,nan,nan,nan,nan,nan,nan,--
J192600.92-314202.60,291.503833,-31.700722,5.35,Onken2022,18.83,-27.68,nan,nan,--,nan,nan,nan,nan,nan,nan,nan,--
J193207.62+713908.46,293.031771,71.652349,6.05,Banados2016,19.85,-26.86,nan,nan,--,nan,nan,nan,nan,nan,nan,nan,--
J200241.59-301321.69,300.673308,-30.222692,6.6876,Yang2021,19.96,-26.91,6.673,0.001,Yang2021,3598,351,351,2.990291,0.368932,0.368932,16.22,Yang2021
J202524.31-044921.90,306.351275,-4.822745,5.84,Banados2022,20.71,-25.94,nan,nan,--,nan,nan,nan,nan,nan,nan,nan,--
J203103.26-051145.21,307.763576,-5.195888,5.8,Banados2022,20.86,-25.78,nan,nan,--,nan,nan,nan,nan,nan,nan,nan,--
J203209.99-211402.31,308.04164,-21.233975,6.2355,Venemans2020,20.46,-26.29,6.216,0.006,Farina2022,3355,203,361,4.24,0.036893,0.036893,16.79,Farina2022
J203355.91-273854.60,308.48297,-27.6485,5.8,Banados2016,19.91,-26.73,nan,nan,--,nan,nan,nan,nan,nan,nan,nan,--
J203721.26-453747.50,309.3385833,-45.6298611,5.636,Yue2021,20.6,-25.99,nan,nan,--,nan,nan,nan,nan,nan,nan,nan,--
J203721.27-453748.80,309.338625,-45.6302222,5.643,Yue2021,20.18,-26.42,nan,nan,--,nan,nan,nan,nan,nan,nan,nan,--
J205321.77+004706.80,313.3407,0.785222,5.92,Jiang2009,21.44,-25.23,nan,nan,--,nan,nan,nan,nan,nan,nan,nan,--
J205406.49-000514.80,313.52704,-0.087444,6.0389,Venemans2020,20.55,-26.15,6.013,0.002,Farina2022,3633,215,230,2.4,0.071845,0.060194,14.81,Farina2022
J210054.62-171522.50,315.22758,-17.256249,6.0807,Venemans2020,21.22,-25.49,6.093,0.008,Farina2022,8012,814,1466,0.93,0.019417,0.021359,44.85,Farina2022
J210219.23-145853.87,315.580112,-14.981629,6.6645,Yang2021,21.36,-25.5,6.652,0.003,Yang_2021_ApJ_923_262,3083,186,186,1.165049,0.097087,0.097087,7.43,Yang2021
J211812.73-000350.70,319.553042,-0.064083,5.46,McGreer2013,20.97,-25.57,nan,nan,--,nan,nan,nan,nan,nan,nan,nan,--
J211824.97-105557.43,319.60403,-10.93262,5.9,Banados2016,20,-26.67,nan,nan,--,nan,nan,nan,nan,nan,nan,nan,--
J211951.89-004020.10,319.9662,-0.67225,5.87,Jiang2016,21.93,-24.73,nan,nan,--,nan,nan,nan,nan,nan,nan,nan,--
J212328.88-242137.44,320.87033,-24.3604,5.73,Banados2016,20.46,-26.16,nan,nan,--,nan,nan,nan,nan,nan,nan,nan,--
J213110.29-435902.46,322.792863,-43.984017,6.45,Yang2019b,21.51,-25.3,nan,nan,--,nan,nan,nan,nan,nan,nan,nan,--
J213233.19+121755.26,323.138286,12.298682,6.5872,Venemans2020,19.78,-27.06,6.592,0.007,Mazzucchelli2017,3923,446,380,1.6,0.1,-1,14.1,Mazzucchelli2017
J214239.27-012000.30,325.663641,-1.333417,5.61,Yang2017,20.26,-26.33,nan,nan,--,nan,nan,nan,nan,nan,nan,nan,--
J214755.41+010755.30,326.98087,1.132028,5.81,Jiang2009,21.33,-25.31,nan,nan,--,nan,nan,nan,nan,nan,nan,nan,--
J215456.16-093027.46,328.733997,-9.507627,5.92,Banados2016,20.38,-26.29,nan,nan,--,nan,nan,nan,nan,nan,nan,nan,--
J220107.61+233837.95,330.281724,23.643874,5.83,Gloudemans2022,20.41,-26.24,nan,nan,--,nan,nan,nan,nan,nan,nan,nan,--
J220132.07+015529.00,330.383625,1.924722,6.16,Matsuoka2018a,23.77,-22.97,nan,nan,--,nan,nan,nan,nan,nan,nan,nan,--
J220417.92+011144.80,331.074667,1.195778,5.926,Kim2015,22.68,-23.99,nan,nan,--,nan,nan,nan,nan,nan,nan,nan,--
J220710.12-041656.28,331.792177,-4.2823,5.53,Wang2016,18.91,-27.65,nan,nan,--,nan,nan,nan,nan,nan,nan,nan,--
J221027.24+030428.50,332.6135,3.074583,6.9,Matsuoka2018b,22.47,-24.44,nan,nan,--,nan,nan,nan,nan,nan,nan,nan,--
J221100.60-632055.85,332.752502,-63.348846,6.8449,Yang2021,21.98,-24.92,6.83,0.01,Yang_2021_ApJ_923_262,2679,608,608,1.145631,0.038835,0.038835,5.57,Yang2021
J221112.39-320612.95,332.80163,-32.103597,6.3394,Decarli2018,18.78,-28,6.326,0.001,Farina2022,4666,196,156,5.82,0.112621,0.118447,38.05,Farina2022
J221305.26+003407.80,333.271917,0.568833,5.31,McGreer2018,22.57,-23.93,nan,nan,--,nan,nan,nan,nan,nan,nan,nan,--
J221556.63+260629.43,333.985969,26.108174,6.027,Shen2019,20.31,-26.39,6.0267,0.0072,Shen2019,3081.5,551.1,551.1,1.539439,0.014442,0.014442,8.54,Shen2019
J221604.36-050017.58,334.018158,-5.004885,6.15,Banados2022,21.07,-25.66,nan,nan,--,nan,nan,nan,nan,nan,nan,nan,--
J221644.47-001650.10,334.185292,-0.280583,6.0962,Izumi2018,22.9,-23.82,6.109,0.008,Onoue2019,4320,830,1060,0.266,0.005,0.005,6.97,Onoue2019
J221917.22+010248.90,334.82175,1.046917,6.1492,Willott2017,24.19,-22.54,nan,nan,--,nan,nan,nan,nan,nan,nan,nan,--
J222018.49-010146.89,335.07704,-1.029691,5.62,McGreer2013,20.66,-25.93,nan,nan,--,nan,nan,nan,nan,nan,nan,nan,--
J222309.51+032620.30,335.789625,3.438972,6.05,Matsuoka2018b,21.51,-25.2,nan,nan,--,nan,nan,nan,nan,nan,nan,nan,--
J222718.58-332335.02,336.82741,-33.393061,6.12,Banados2022,21.32,-25.41,nan,nan,--,nan,nan,nan,nan,nan,nan,nan,--
J222827.83+012809.50,337.115958,1.469306,6.01,Matsuoka2016,24.05,-22.65,nan,nan,--,nan,nan,nan,nan,nan,nan,nan,--
J222843.54+011032.20,337.18141,1.175611,5.95,Zeimann2011,22.2,-24.48,nan,nan,--,nan,nan,nan,nan,nan,nan,nan,--
J222847.71+015240.50,337.198792,1.877917,6.0805,Izumi2019,22.72,-23.99,nan,nan,--,nan,nan,nan,nan,nan,nan,nan,--
J222901.66+145708.30,337.256917,14.952306,6.1517,Willott2015,22.01,-24.72,6.152,0.003,Willott2010,1440,330,330,0.6,0.06,0.06,1.16,Willott2010
J223148.89-003547.50,337.953708,-0.596528,5.87,Matsuoka2018b,23.99,-22.67,nan,nan,--,nan,nan,nan,nan,nan,nan,nan,--
J223212.03+001238.40,338.050125,0.210667,6.18,Matsuoka2016,23.93,-22.81,nan,nan,--,nan,nan,nan,nan,nan,nan,nan,--
J223255.15+293032.24,338.229808,29.508955,6.666,Mazzucchelli2017,20.78,-26.08,6.655,0.003,Yang2021,5504,159,159,1.941748,0.330097,0.330097,30.58,Yang2021
J223644.58+003256.90,339.18575,0.549139,6.4,Matsuoka2016,23.05,-23.75,nan,nan,--,nan,nan,nan,nan,nan,nan,nan,--
J223947.47+020747.50,339.947792,2.129861,6.2497,Izumi2019,22.07,-24.69,6.245,0.008,Onoue2019,4670,910,700,0.444,0.008,0.008,10.53,Onoue2019
J224049.00-183943.81,340.20417,-18.66217,5.995,Banados2016,20.34,-26.35,5.995,0.001,Farina2022,2468,190,144,2.58,0.031068,0.029126,7.09,Farina2022
J224237.55+033421.60,340.65645,3.572667,5.88,Willott2010a,22.2,-24.46,nan,nan,--,nan,nan,nan,nan,nan,nan,nan,--
J225002.01-501542.16,342.50837,-50.26171,6,Reed2017,19.89,-26.8,nan,nan,--,nan,nan,nan,nan,nan,nan,nan,--
J225205.44+022531.90,343.022667,2.425528,6.12,Matsuoka2018b,23.99,-22.74,nan,nan,--,nan,nan,nan,nan,nan,nan,nan,--
J225209.17+040243.80,343.038208,4.0455,6.67,Matsuoka2022,22.84,-24.02,nan,nan,--,nan,nan,nan,nan,nan,nan,nan,--
J225520.78+050343.30,343.836583,5.062028,6.2,Matsuoka2019a,22.31,-24.44,nan,nan,--,nan,nan,nan,nan,nan,nan,nan,--
J225538.04+025126.60,343.9085,2.857389,6.34,Matsuoka2018b,22.91,-23.87,nan,nan,--,nan,nan,nan,nan,nan,nan,nan,--
J225634.63-024559.18,344.144296,-2.76644,6.45,BanadosInPrep,20.86,-25.95,nan,nan,--,nan,nan,nan,nan,nan,nan,nan,--
J230422.97+004505.40,346.095708,0.7515,6.36,Matsuoka2018b,22.51,-24.28,nan,nan,--,nan,nan,nan,nan,nan,nan,nan,--
J230610.54-012458.40,346.543917,-1.416222,5.89,Matsuoka2022,22.74,-23.92,nan,nan,--,nan,nan,nan,nan,nan,nan,nan,--
J230735.35+003149.40,346.89729,0.530389,5.96,Shen2019,21.44,-25.24,5.9555,0.0143,Shen2019,2362.8,962.3,962.3,1.247615,0.007892,0.007892,4.52,Shen2019
J231038.88+185519.70,347.662,18.922138,6.0031,Wang2013,18.95,-27.74,5.996,0.002,Farina2022,3312,238,213,7.6,0.091262,0.085437,21.91,Farina2022
J231507.41-285617.43,348.78089,-28.938175,5.89,Banados2022,21.31,-25.35,nan,nan,--,nan,nan,nan,nan,nan,nan,nan,--
J231546.57-002358.10,348.94404,-0.399472,6.12,Jiang2008,21.12,-25.61,nan,nan,--,nan,nan,nan,nan,nan,nan,nan,--
J231738.25+224409.63,349.409382,22.736009,5.5,Yang2019a,19.17,-27.38,nan,nan,--,nan,nan,nan,nan,nan,nan,nan,--
J231802.80-024634.00,349.51166,-2.776111,6.05,Willott2009,21.66,-25.05,nan,nan,--,nan,nan,nan,nan,nan,nan,nan,--
J231818.35-311346.34,349.57647,-31.229539,6.4429,Venemans2020,20.75,-26.06,nan,nan,--,nan,nan,nan,nan,nan,nan,nan,--
J231833.10-302933.36,349.63793,-30.4926,6.1456,Venemans2020,20.34,-26.39,6.141,0.002,Farina2022,3460,177,160,2.82,0.038835,0.040777,14.56,Farina2022
J232514.24+262847.60,351.309333,26.479889,5.77,Wang2016,19.41,-27.22,nan,nan,--,nan,nan,nan,nan,nan,nan,nan,--
J232713.22+000547.92,351.805083,0.096644,5.591,Shin2022,22.13,-24.45,nan,nan,--,nan,nan,nan,nan,nan,nan,nan,--
J232726.89+245410.93,351.862048,24.903036,5.3,Gloudemans2022,20.42,-26.07,nan,nan,--,nan,nan,nan,nan,nan,nan,nan,--
J232908.28-030158.80,352.2845,-3.033,6.4164,Willott2017,21.61,-25.19,6.417,0.002,Willott2010,2020,110,110,0.71,0.08,0.08,2.49,Willott2010
J232914.46-040324.10,352.31025,-4.056694,5.9,Willott2009,22.07,-24.6,nan,nan,--,nan,nan,nan,nan,nan,nan,nan,--
J232936.84-152014.46,352.403485,-15.33735,5.832,Rojas2021,21.05,-25.6,nan,nan,--,nan,nan,nan,nan,nan,nan,nan,--
J233008.71+095743.70,352.536292,9.962139,5.3,Yang2017,19.81,-26.68,nan,nan,--,nan,nan,nan,nan,nan,nan,nan,--
J233429.70+050217.00,353.62375,5.038056,6.12,Matsuoka2022,21.58,-25.15,nan,nan,--,nan,nan,nan,nan,nan,nan,nan,--
J233624.69+184248.71,354.102895,18.713531,6.6,Gloudemans2022,22.53,-24.31,nan,nan,--,nan,nan,nan,nan,nan,nan,nan,--
J233807.03+214358.18,354.529301,21.732827,6.565,Yang2021,21.18,-25.66,6.565,0.009,Yang2021,2516,113,113,1.475728,0.252427,0.252427,5.57,Yang2021
J234833.34-305410.24,357.1389,-30.902844,6.9007,Venemans2020,21.17,-25.74,6.883,0.009,Farina2022,5182,843,811,1.46,0.038835,0.036893,23.51,Farina2022
J234836.96-003437.00,357.154,-0.576944,5.94,Matsuoka2022,22.63,-24.05,nan,nan,--,nan,nan,nan,nan,nan,nan,nan,--
J234901.28+005640.90,357.255333,0.944694,5.92,Matsuoka2022,22.88,-23.79,nan,nan,--,nan,nan,nan,nan,nan,nan,nan,--
J235118.96+062406.96,357.828983,6.401932,5.81,Banados2016,21.41,-25.23,nan,nan,--,nan,nan,nan,nan,nan,nan,nan,--
J235632.45-062259.26,359.135215,-6.383126,6.1722,Eilers2020erratum,20,-26.74,6.151,0.005,Farina2022,2803,174,184,3.89,0.038835,0.040777,11.23,Farina2022
J235646.33+001747.30,359.193042,0.296472,7.01,Matsuoka2019a,21.63,-25.31,nan,nan,--,nan,nan,nan,nan,nan,nan,nan,--
J235651.58+002333.30,359.21491,0.392583,5.98,Shen2019,22.19,-24.5,nan,nan,--,nan,nan,nan,nan,nan,nan,nan,--
J235824.04+063437.40,359.600167,6.577056,5.32,Yang2017,19.31,-27.19,nan,nan,--,nan,nan,nan,nan,nan,nan,nan,--