Lbol,Phi,Error_Phi,Error_Lbol
47.43071466488588,-7.8024210369098075,0.325,0.0
47.233201105276486,-8.32292543822411,0.655,0.1
47.03589749023929,-7.1016047611185495,0.135,0.1
46.83883797783212,-6.46901022279481,0.065,0.1
46.64206174466654,-5.9863207508969545,0.045000000000000005,0.1
46.44561353304664,-5.575713526437199,0.03,0.1
46.24954419035896,-5.170335040474379,0.03,0.1
46.05391117246949,-4.832388876822512,0.04,0.1
45.858778973816285,-4.578982328606818,0.04,0.1
45.66421943715983,-4.261486223118117,0.035,0.1
45.470311886491515,-4.119312228476275,0.03,0.1
45.277143018842466,-3.9452481355950324,0.03,0.1
45.084806486661336,-3.858068882900595,0.04,0.1
44.89340210445858,-3.7877553589048114,0.060000000000000005,0.1
44.70303462410108,-3.6031736316805905,0.24,0.1
46.69606997012876,-7.010228116987006,0.45,0.0
46.53880801882283,-5.778833265220582,0.13,0.07999999999999972
46.38177246746052,-5.329645626000223,0.09999999999999999,0.07999999999999972
46.22499074826793,-5.084691654426478,0.09,0.08000000000000043
46.0684930638929,-4.824486908054908,0.08,0.07999999999999972
45.91231252212201,-4.5177447624400395,0.06999999999999999,0.08000000000000043
45.75648523754971,-4.43992809249382,0.06999999999999999,0.07999999999999972
45.60105038826739,-4.156678539773981,0.060000000000000005,0.07999999999999972
45.446050214266585,-4.0651510329075755,0.060000000000000005,0.08000000000000043
45.29152994331292,-3.9780105176022307,0.060000000000000005,0.07999999999999972
45.13753762979478,-4.00155374881694,0.06999999999999999,0.08000000000000043
44.984123892766235,-3.967536682449466,0.06999999999999999,0.07999999999999972
45.95510735385051,-4.6103411786558,0.2546869535748433,0.0
46.07228040538818,-4.637564189819521,0.039955202642252934,-0.060000000000000143
46.1896313169902,-5.000677643363679,0.020861125671553397,-0.060000000000000143
46.3071459974332,-5.277803716299088,0.024254113688628058,-0.059999999999999436
46.424811283818435,-5.477535659064828,0.027338637477521514,-0.060000000000000143
46.54261491181812,-5.705231266424141,0.03178453732502339,-0.060000000000000143
46.660545481073505,-6.047188662121254,0.04122711421442093,-0.060000000000000143
46.77859241703592,-6.341790862089252,0.05237988554100847,-0.060000000000000143
46.896745930375076,-6.613543504372461,0.0659992123430768,-0.059999999999999436
47.01499697491671,-6.968051585390812,0.09163137795393327,-0.060000000000000143
47.13333720491968,-7.257123206297839,0.12094037374795906,-0.060000000000000143
47.251758932362264,-7.79262402251489,0.21870000351684937,-0.060000000000000143
47.370255084781,-7.822471422203019,0.21870000351684937,-0.060000000000000143
47.48881916409265,-8.249619838054302,0.39350530065173595,-0.059999999999999436
46.0355543754658,-4.737414179374719,0.3931909508863052,0.0
45.6459710404692,-4.660566750063613,0.39256438539823146,0.2
45.259034341894086,-4.07741316242223,0.20137895436609887,0.2
44.87546957867039,-3.7623972857184316,0.28119497705521534,0.2
47.173900915965085,-7.408140950111446,0.20295804315369118,0.0
47.05553193085257,-6.7902101970699995,0.10898263631719887,-0.05999999999999961
46.93724942523106,-6.571540716521127,0.09077385316329559,-0.05999999999999961
46.819061514704664,-6.19240007361935,0.06487307741579654,-0.0600000000000005
46.70097700064545,-5.823148700235482,0.047152423592019474,-0.05999999999999961
46.583005412981976,-5.6642899788356385,0.04256968764185716,-0.0600000000000005
46.465157052571854,-5.406503732277662,0.03511081291339058,-0.05999999999999961
46.3474430323978,-5.170424056318157,0.03007040207035743,-0.05999999999999961
46.2298753166784,-5.016659082849262,0.03122135431270865,-0.0600000000000005
46.11246675682567,-4.915611255735183,0.047879943831748255,-0.05999999999999961
45.99523112301574,-4.787269585156895,0.0690475328577854,-0.0600000000000005
45.878183129971234,-4.491154345439105,0.4651240337103974,-0.0600000000000005
46.813154757141426,-6.196196707274759,0.20836180390225253,0.0
46.71474789802279,-5.74347539246833,0.1201659683021344,-0.04999999999999982
46.61641864733705,-5.59727564934,0.10431045403168589,-0.04999999999999982
46.51817287414519,-5.524688194736328,0.10197143507827795,-0.04999999999999982
46.420016833654806,-5.343821791682196,0.0908958565500957,-0.04999999999999982
46.321957183317224,-5.0446895977172765,0.07332711819538482,-0.05000000000000071
46.22400099804058,-5.043571695390363,0.07914064582042986,-0.04999999999999982
46.126155784199426,-4.849212374651659,0.07063073066356415,-0.04999999999999982
46.028429492082594,-4.664894624873989,0.06423525572830358,-0.04999999999999982
45.93083052638173,-4.598734054674414,0.06099456808031732,-0.04999999999999982
45.83336775428533,-4.533558101452628,0.05763547047784345,-0.05000000000000071
45.736050510707315,-4.401580905921944,0.051652529214089894,-0.04999999999999982
45.63888860014884,-4.355821307525672,0.05246025040988667,-0.04999999999999982
45.54189229466691,-4.215380228042845,0.05051276305939406,-0.04999999999999982
45.445072327408056,-4.3978184992893805,0.07398953922957972,-0.04999999999999982
45.3484398811603,-4.136032102192936,0.0841340916529053,-0.05000000000000071
45.25200657138606,-3.9009110358555503,0.20795053545258207,-0.04999999999999982
44.724241765990584,-3.826494314325075,0.21000000000000002,0.0
45.32034125854347,-4.0969559923496055,0.21000000000000002,0.22500000000000142
45.78977970619749,-4.464280966958727,0.21000000000000002,0.17499999999999716
46.534934845056355,-5.578991046982271,0.224,0.27500000000000213
47.28634500150412,-7.274489845873629,0.26,0.2749999999999986
48.00039845015364,-8.973771155430448,0.31,0.26000000000000156
43.75612191694893,-2.8728603152428662,0.21000000000000002,0.0
45.0542436260761,-3.7019360841811286,0.21000000000000002,0.5
46.398902742227946,-5.5251261815447315,0.21000000000000002,0.5
47.76666453190977,-8.697818733421167,0.34,0.5
43.563290933812226,-3.3656823747140905,0.21000000000000002,0.0
44.19939760470395,-3.9173739485484016,0.26,0.25
44.85179268546909,-4.068675244577239,0.26,0.25
45.516846617545546,-4.346471008154839,0.26,0.25
46.19108662125961,-4.895356629761933,0.36,0.25
46.871651307649564,-6.513176262448357,0.36,0.25
47.55640946805105,-7.551851191033606,0.41000000000000003,0.25
43.20993027759589,-2.9031461278280775,0.19985533312646853,0.0
43.677182244298436,-3.3898605901816636,0.1581183167305209,0.1875
44.15505901753814,-3.518379785979925,0.10247889920763063,0.1875
44.64224518246289,-3.766907278127364,0.09616905379825312,0.1875
45.1372119049694,-4.034188544528405,0.11160701683141715,0.1875
45.63841716862839,-4.51396392137357,0.18834223150405305,0.1875
46.14445414165593,-4.8711546852494685,0.24012354873855268,0.1875
46.65413082661796,-5.823953227433117,0.27957864937896315,0.1875
47.16649111572818,-7.247487836222769,0.2795784176670473,0.1875
47.68079840948382,-8.606458588159809,0.6595486548983633,0.1875
41.80717734046684,-2.3257278695845915,0.6053663166939913,0.0
42.092818592746475,-2.4148078956416654,0.22058235610612398,0.125
42.38350178107563,-2.5116865173685294,0.14237235666748527,0.125
42.679401995923676,-2.782578386552474,0.11712414712268247,0.125
42.98059052582104,-3.10077567398306,0.11226195746338828,0.125
43.287023221306136,-3.3441678883453156,0.10067051824878191,0.125
43.59853866035385,-3.375770975967425,0.08110831046504895,0.125
43.91486722133352,-3.4074464018693127,0.07020149138770913,0.125
44.23565002492526,-3.6334693547635095,0.07394848517595086,0.125
44.560464737925585,-3.7895676663460622,0.08548725336525352,0.125
44.888854110764115,-3.9258176856507254,0.08625414800595864,0.125
45.22035315059766,-4.189549996315941,0.08880392668083402,0.125
45.55451183165563,-4.263679445042381,0.07833856993977205,0.125
45.8909117110342,-4.63401940664641,0.09028743625654843,0.125
46.229176220039236,-5.268855888234545,0.15096634920086927,0.125
46.56897539943528,-5.748753601663836,0.19415703433401954,0.125
46.910026350032865,-6.888911504328873,0.7638739135302524,0.125
47.25209076302602,-7.331012474450839,1.3437546061478403,0.125
42.679401995923676,-3.0565323061281537,1.0293676261164957,0.0
42.98059052582104,-3.1073927714484246,0.3531251752357405,0.125
43.287023221306136,-3.1653486848538814,0.18299199047052772,0.125
43.59853866035385,-3.2754445553782974,0.13310691610728753,0.125
43.91486722133352,-3.366774294836928,0.10120281281113773,0.125
44.23565002492526,-3.5211301993107904,0.08468559493161897,0.125
44.560464737925585,-3.641063971537432,0.07246936830414995,0.125
44.888854110764115,-3.902586739868506,0.0805341184544177,0.125
45.22035315059766,-4.059129179235793,0.09000571240703191,0.125
45.55451183165563,-4.221631101267705,0.09556033479281133,0.125
45.8909117110342,-4.577541459854362,0.10096361190948032,0.125
46.229176220039236,-5.253129393345108,0.14227789729347573,0.125
46.56897539943528,-5.719305278341371,0.15603576548882692,0.125
46.910026350032865,-6.411912411890723,0.23748974273167733,0.125
47.25209076302602,-7.555598982459864,0.5007999576947155,0.125
45.07413986507224,-3.5323608043834387,0.5159246364078975,0.0
45.4071820305106,-4.050518125436599,0.30836557891144767,0.125
45.742644818484706,-4.484830696438921,0.2342622272707453,0.125
46.080132349658264,-4.767407173941679,0.14844815797363098,0.125
46.41929387977644,-5.535866536905934,0.1824151599286703,0.125
46.75982596518342,-6.79588015003405,0.4999373236195048,0.125
42.93002559781103,-2.721522720809255,0.1336909988190751,0.0
43.75612191694893,-3.229097844966829,0.08758820134681565,0.33333333333333215
44.61496065746341,-3.380190427449446,0.08306401783911886,0.3333333333333357
45.49865225729619,-4.45462217544173,0.08885693548504502,0.33333333333333215
46.398902742227946,-5.800662566060808,0.09991296784998947,0.33333333333333215
47.30918558749129,-7.767113380527516,0.1704713645763294,0.3333333333333357
43.4172538750152,-3.4869993768176326,0.13899768171938964,0.0
43.88939178813133,-3.1385193895932977,0.07563945731965947,0.1875
44.126109319889615,-3.1861934259657816,0.07571043206811011,0.09250000000000114
44.28736104629873,-3.3427273119057554,0.0619018604779784,0.0625
44.44960333178799,-3.3447321140992483,0.058040998292913086,0.0625
44.612778941050664,-3.494894961230897,0.057338565787882205,0.0625
44.77682963040382,-3.658964001743948,0.05496817838533773,0.0625
44.941696961495964,-3.6385558361299255,0.04444064470390651,0.0625
45.107323034936854,-3.7253861177120755,0.046275333574306014,0.0625
45.273651130150704,-3.8893363669207894,0.047115200182890275,0.0625
45.44062624394567,-4.122298833650335,0.05382017506487168,0.0625
45.608195525874024,-4.263838623327304,0.05390661042911415,0.0625
45.77630861313443,-4.5967090934346215,0.06657360593937088,0.0625
45.94491787139162,-4.697057558772815,0.06685801624977537,0.0625
46.20205451472271,-5.218870395484151,0.07142834663262508,0.09499999999999886
46.64390818906806,-6.152100645629556,0.10713261399213424,0.16250000000000142
47.087786767235,-7.741237597376732,0.3181080138333485,0.16250000000000142
42.9988296511611,-3.1522381260964805,0.41872551435545935,0.0
43.93399253740767,-3.406007028156811,0.5287913733290124,0.375
44.84268182761029,-3.7018177654204316,0.6010304747346631,0.3500000000000014
45.44062624394567,-4.16812081483796,0.5436931697412823,0.22499999999999787
45.91115851645794,-4.57264549182798,0.5365035194713543,0.1750000000000007
46.65753860970027,-5.776720128635733,0.5113957377216776,0.2749999999999986
47.37544279156858,-7.83873425710287,0.36672816488593596,0.26250000000000284
43.93399253740767,-3.3002769502332927,0.5401600654709728,-1.2875000000000014
44.84268182761029,-3.7009879751727524,0.614230388991964,0.3500000000000014
45.44062624394567,-4.177333873245943,0.49613044669610384,0.22499999999999787
45.91115851645794,-4.574129444419879,0.5065501258258804,0.1750000000000007
46.65753860970027,-6.143267017441311,0.5536195633284662,0.2749999999999986
47.37544279156858,-8.292269345844776,0.3687313384029143,0.26250000000000284
48.13111717738715,-9.148632466067678,0.379801030854239,0.2749999999999986
49.1650257270512,-11.016731749580751,0.36873124013513636,0.375
43.625970305439424,-2.9442294737644006,0.15000000000000002,0.0
44.26385553701969,-3.2638295307932834,0.14,0.25
44.91768019424282,-3.8230841301453093,0.13,0.25
45.41631340825377,-4.082105067936579,0.14500000000000002,0.1875
45.751836556465,-4.280504663725183,0.11,0.125
46.08937424982479,-4.907042225371203,0.09999999999999999,0.125
46.42857702620029,-5.695539431737075,0.09499999999999999,0.125
46.769142727665546,-6.589217936037088,0.105,0.125
47.110815077147514,-7.54476870617465,0.135,0.125
47.796661230283924,-8.988825937942902,0.13,0.25
49.001939887475956,-10.837466591513577,0.19,0.4375
44.28680659923526,-3.219506554915527,0.21500000000000002,0.0
44.94113051646883,-3.922432899549968,0.12,0.25
45.60762019116132,-4.3740489648012515,0.08,0.25
46.41871135462339,-5.915982276075364,0.06999999999999999,0.29999999999999716
47.374855312756594,-8.347576495398236,0.20500000000000002,0.3500000000000014
48.19935348937018,-9.615209692008168,0.265,0.3000000000000007
48.88845407300498,-10.590125761904128,0.275,0.25
43.76292383502918,-2.996943882543167,0.185,0.0
45.06137135447203,-3.8801738933421532,0.185,0.5
46.40620841212147,-5.816555208903772,0.275,0.5
42.11799420239108,-2.1496015095797936,0.10403435111962799,0.0
43.31402244324812,-2.7896666233595737,0.07924895994482427,0.5
44.589000863627035,-3.4571462236216166,0.09159309562376337,0.5
45.920376531391184,-5.213187040073953,0.05153452289368076,0.5
47.2819978429771,-8.495707862737007,0.39277568533786433,0.5
48.65711814870656,-10.070107874381263,0.15220979334643148,0.5
44.97394622833384,-4.11857784109629,0.31,0.0
45.3584551134764,-4.669303770488656,0.31,0.20000000000000284
45.74613878703954,-4.736240109511374,0.21000000000000002,0.1999999999999993
46.13630049116013,-4.775051689703011,0.26,0.1999999999999993
46.52836046145949,-5.665283343712742,0.21000000000000002,0.1999999999999993
46.92185348331016,-6.292099131651749,0.21000000000000002,0.1999999999999993
47.31641632753284,-7.145212709380937,0.26,0.20000000000000284
47.711771126702935,-8.208122983764913,0.56,0.1999999999999993
46.07165143762812,-4.969067269942994,0.19909149577987661,0.0
45.68185623514295,-4.203160516033356,0.08912494421828863,-0.20000000000000284
45.29464633415681,-4.058007014799192,0.08147507797612329,-0.1999999999999993
44.91073694113116,-3.923539104719346,0.08237925289582092,-0.1999999999999993
46.0421775199813,-4.485531586925963,0.14,0.0
46.53199624559544,-5.258765141316605,0.13,0.25
47.0240556498881,-6.538995975452481,0.15000000000000002,0.25
47.517668295050285,-8.144713832399287,0.44,0.25
